relation_id,subject,relation,object,doc_id,chunk_id,evidence,confidence
REL-aaf74fa24128a49b1db1,U.S. Geological Survey,agency_manages_program,Nonindigenous Aquatic Species Database,DOC011,DOC011-C0001,U.S. Geological Survey’s Nonindigenous Aquatic Species Database: over thirty years of tracking introduced aquatic species in the United States (and counting) Pam Fuller 1* and Matthew E.,0.9
REL-9b481e88016978c4d815,U.S. Geological Survey,agency_manages_program,Nonindigenous Aquatic Species Database,DOC011,DOC011-C0002,Relational design of the U.S. Geological Survey’s Nonindigenous Aquatic Species database.,0.9
REL-0da035b118c80091185b,U.S. Geological Survey,agency_manages_program,Nonindigenous Aquatic Species Database,DOC011,DOC011-C0004,Sample occurrence record from the U.S. Geological Survey’s Nonindigenous Aquatic Species database based on a personal communication.,0.9
REL-553e63575182a7be0cfa,DOC001,document_mentions_location,Mississippi River,DOC001,DOC001-C0013,"Mississippi River) or Mississippi Lowlands (Mis - souri occurrence is primarily in the lower Mississippi and associated sloughs, backwaters, and wetlands of southeastern Missouri).",0.98
REL-cc305f6d86a01b18f426,DOC001,document_mentions_location,Mississippi River,DOC001,DOC001-C0014,"Mississippi River Alluvial Basin ecoregion, or Bootheel, is part of the vast, flat floodplain of the Mississippi River that ex- tends all the way to New Orleans.",0.98
REL-022bcf3f168a62292082,DOC001,document_mentions_location,Mississippi River,DOC001,DOC001-C0015,"Mississippi River PREFACE PREFACE Page 12 ELEMENTS 3 AND 4: THREATS AND ACTIONS Problems which may adversely affect SGCN or their habitats, and descriptions of conservation actions determined to be necessary to conserve SGCN and their ha",0.98
REL-603c55418882b1c6f606,DOC001,document_mentions_location,Mississippi River,DOC001,DOC001-C0016,"Mississippi River PREFACE PREFACE Page 12 ELEMENTS 3 AND 4: THREATS AND ACTIONS Problems which may adversely affect SGCN or their habitats, and descriptions of conservation actions determined to be necessary to conserve SGCN and their ha",0.98
REL-7e70ec1675ad40cb5a2e,DOC001,document_mentions_location,Mississippi River,DOC001,DOC001-C0027,Mississippi River.,0.98
REL-f865299cde5a7d71f611,DOC001,document_mentions_location,Mississippi River,DOC001,DOC001-C0032,Mississippi River in only the south- eastern and northeastern regions of Missouri.,0.98
REL-2bd69bb48a6dd59dc7ca,DOC001,document_mentions_location,Mississippi River,DOC001,DOC001-C0033,Mississippi River in only the south- eastern and northeastern regions of Missouri.,0.98
REL-cfcbedad78d55fe76eb9,DOC001,document_mentions_location,Mississippi River,DOC001,DOC001-C0066,Mississippi River through the Bootheel region of Mis- souri.,0.98
REL-4331d54e941f0cfe2241,DOC001,document_mentions_location,Mississippi River,DOC001,DOC001-C0071,Mississippi River in southeast Missouri were once covered in cypress swamps.,0.98
REL-47a365ccf7d9c17a317e,DOC001,document_mentions_location,Mississippi River,DOC001,DOC001-C0072,Mississippi River in southeast Missouri were once covered in cypress swamps.,0.98
REL-bee1736b36595a68c5fe,DOC001,document_mentions_location,Missouri,DOC001,DOC001-C0003,Missouri Conservation Priorities .,0.98
REL-2597e36b963a389fef22,DOC001,document_mentions_location,Missouri,DOC001,DOC001-C0004,Missouri State Wildlife Action Plan Page vi Grassland/Prairie/Savanna Conservation (Continued) Conservation Opportunity Areas .,0.98
REL-68dbf2d5d17e70511317,DOC001,document_mentions_location,Missouri,DOC001,DOC001-C0008,Missouri State Wildlife Action Plan Page x Habitat System Threats .,0.98
REL-4e33e75a9bf086888e31,DOC001,document_mentions_location,Missouri,DOC001,DOC001-C0010,Missouri’s CWCS; the new title reflects a change in terminology for these na- tionwide plans at a national level.,0.98
REL-bd2b43eb5f13b41ac727,DOC001,document_mentions_location,Missouri,DOC001,DOC001-C0011,"Missouri supports a rich diversity of wildlife, includ- ing more than 350 native species birds, nearly 80 mammal species, more than 100 species of amphibi - ans and reptiles, more than 200 kinds of fishes (more than most neighbo",0.98
REL-a6640e1411b78c4255a8,DOC001,document_mentions_location,Missouri,DOC001,DOC001-C0013,Missouri are listed.,0.98
REL-cf2568f4bd9d3c869b2a,DOC001,document_mentions_location,Missouri,DOC001,DOC001-C0014,Missouri into its primary ecological re - gions.,0.98
REL-3490ed07f932d93dfbe6,DOC001,document_mentions_location,Missouri,DOC001,DOC001-C0015,Missouri’s remaining wild lands.,0.98
REL-cb1e411e68255c99b8f1,DOC001,document_mentions_location,Missouri,DOC001,DOC001-C0016,Missouri’s natural communities and the spe- cies they support.,0.98
REL-b09fd3c3e01ff5af44d0,DOC001,document_mentions_location,Missouri,DOC001,DOC001-C0017,Missouri.,0.98
REL-eff82ad564fa5f74c3dd,DOC001,document_mentions_location,Missouri,DOC001,DOC001-C0018,"Missouri, Illinois and Indiana.",0.98
REL-f0efc8180ae20d32eac2,DOC001,document_mentions_location,Missouri,DOC001,DOC001-C0019,Missouri’s habitat-based approach is well-suit - ed to mitigate the threat of climate change.,0.98
REL-2975d29f72d32b43e26a,DOC001,document_mentions_location,Missouri,DOC001,DOC001-C0020,Missouri Forest Action Plan that,0.98
REL-b23a968f5877e6187dd7,DOC001,document_mentions_location,Missouri,DOC001,DOC001-C0021,Missouri Forest Action Plan that used the CWCS as a major input in assessing the importance of forest- ed areas as wildlife habitat.,0.98
REL-82ad19d4a1a69a1d7141,DOC001,document_mentions_location,Missouri,DOC001,DOC001-C0022,"Missouri Forest Action Plan, or other recent coop- erative planning efforts were invited (see Appendix B, Partner Engagement Workshop Invitee List).",0.98
REL-5fa026bca209055683f0,DOC001,document_mentions_location,Missouri,DOC001,DOC001-C0023,"Missouri Conservationist magazine is mailed to more than 550,000 subscribers each month and covers a variety of nature, conservation, and outdoor-recre - ation subjects.",0.98
REL-226a326f452fedaa1d2b,DOC001,document_mentions_location,Missouri,DOC001,DOC001-C0024,Missouri communities for tree planting and maintenance of their communi - ty forest resources.,0.98
REL-4cc20d8ccb7e92377028,DOC001,document_mentions_location,Missouri,DOC001,DOC001-C0027,Missouri State Wildlife Action Plan Page 33 GRASSLAND/PRAIRIE/SAVANNA CONSERVATION Overview G rasslands have existed in North America be- tween five to seven million years due to a long drying trend in our climate.,0.98
REL-187d04a761e268c7ed29,DOC001,document_mentions_location,Missouri,DOC001,DOC001-C0028,Missouri.,0.98
REL-eae82770e2bdf9233fff,DOC001,document_mentions_location,Missouri,DOC001,DOC001-C0029,Missouri.,0.98
REL-103d42807ad1b159c872,DOC001,document_mentions_location,Missouri,DOC001,DOC001-C0030,Missouri as the Department and partners are learning to diversify them further.,0.98
REL-cbd61e06602334a2a443,DOC001,document_mentions_location,Missouri,DOC001,DOC001-C0031,"Missouri, and working with private and public entities is important to preserve this unique piece of Missouri’s heritage.",0.98
REL-60a4425222bb9a21faa5,DOC001,document_mentions_location,Missouri,DOC001,DOC001-C0032,"Missouri’s unglaciated prairies, stretches from Texas, Oklahoma and Kansas into the southern and western portions of Missouri.",0.98
REL-30e4414f6ca4df8aeab6,DOC001,document_mentions_location,Missouri,DOC001,DOC001-C0033,Missouri.,0.98
REL-a8c6318c02fcf6215793,DOC001,document_mentions_location,Missouri,DOC001,DOC001-C0034,Missouri-Iowa Woodland/Savanna Geography is a landscape of natural community management that includes portions of five Missouri counties and continues into Iowa.,0.98
REL-9f1bcf07b620834d48d4,DOC001,document_mentions_location,Missouri,DOC001,DOC001-C0035,Missouri is a major concern to the Missouri Department of Conservation and many conservation partners.,0.98
REL-285c9de9fda54f382ee0,DOC001,document_mentions_location,Missouri,DOC001,DOC001-C0036,Missouri’s fish and other aquatic species are dependent upon forests and woodlands as well.,0.98
REL-ff47adb14815eb4b5334,DOC001,document_mentions_location,Missouri,DOC001,DOC001-C0037,Missouri’s forested ecosys - tems.,0.98
REL-2324b766d89197552dac,DOC001,document_mentions_location,Missouri,DOC001,DOC001-C0038,Missouri’s forested ecosys - tems.,0.98
REL-eff41771a32553517995,DOC001,document_mentions_location,Missouri,DOC001,DOC001-C0039,"Missouri Ozark Forest Ecosystem Project Initiated in 1991, The Missouri Ozark Forest Proj - ect (MOFEP) is one of the most comprehensive eco - logical investigations of forest response undertaken in upland oak ecosystems.",0.98
REL-3c5b06fa0c96a154f165,DOC001,document_mentions_location,Missouri,DOC001,DOC001-C0040,"Missouri Invasive Forest Pest Plan, developed by MIFPC, presents a framework for consistent, coordi - nated responses to invasive forest insects and diseases.",0.98
REL-313a3b9d5ea4971ff3ef,DOC001,document_mentions_location,Missouri,DOC001,DOC001-C0041,"Missouri consisted of narrow ridgetop prairies that graded into woodlands, forested slopes, and valleys.",0.98
REL-47eee6fbc01dd412088d,DOC001,document_mentions_location,Missouri,DOC001,DOC001-C0042,"Missouri, 50 miles southwest of St.",0.98
REL-189a6102c1ecc5ecdd80,DOC001,document_mentions_location,Missouri,DOC001,DOC001-C0043,"Missouri, 50 miles southwest of St.",0.98
REL-3c83338f7dfb18497c34,DOC001,document_mentions_location,Missouri,DOC001,DOC001-C0044,"Missouri Depart - ment of Conservation, Missouri Department of Natural Resources, Ozark Regional Land Trust, Missouri Botanical Garden, and many others.",0.98
REL-e72e92de247fd3db4e83,DOC001,document_mentions_location,Missouri,DOC001,DOC001-C0045,"Missouri Ozarks, but extensive logging during the late 1800s and early 1900s devastated those vast communities.",0.98
REL-10e133d19b6c9edab566,DOC001,document_mentions_location,Missouri,DOC001,DOC001-C0046,Missouri.,0.98
REL-ad52e3bd99544a86c96d,DOC001,document_mentions_location,Missouri,DOC001,DOC001-C0047,"Missouri, the most abundant glade habitat is found in the Ozark Highlands ecoregion of the state; howev- er, a handful of glades are located in both the Osage Plains and Central Dissected Till Plains ecoregions.",0.98
REL-a4a220cfa76b060007d9,DOC001,document_mentions_location,Missouri,DOC001,DOC001-C0048,Missouri bladderpod (Physaria filiformis) ✦ Bush’s skullcap (Scutellaria bushii) ✦ Gattinger’s goldenrod (Solidago gattingeri) Arachnids Characteristic: Missouri tarantula (Aphonopelma hentzi) ✦ Striped bark scorpion (Centruroid,0.98
REL-82d6b3729b2d3673cbb1,DOC001,document_mentions_location,Missouri,DOC001,DOC001-C0049,"Fish and Wildlife Service, the Forest and Woodland Association of Missouri, and ten Soil and Water Conservation Districts in southeast Mis- souri.",0.98
REL-9285038437e3a77e611e,DOC001,document_mentions_location,Missouri,DOC001,DOC001-C0050,Missouri Master Naturalist Chert Glades Chapter is currently constructing a glade learning station for the Center.,0.98
REL-3620f441e4b2bdab7cbb,DOC001,document_mentions_location,Missouri,DOC001,DOC001-C0051,"Missouri, occurring in dissected hills on slopes that are typically south- or west-facing and quite steep.",0.98
REL-b79b36845475d93b4eae,DOC001,document_mentions_location,Missouri,DOC001,DOC001-C0052,"Missouri state-endangered geocarpon (Geocarpon mini - mum), a species of greatest conservation need, and also is a federally threatened species.",0.98
REL-f85656727d0b0787c008,DOC001,document_mentions_location,Missouri,DOC001,DOC001-C0053,Missouri.,0.98
REL-1b22f4b2bf97dfe1a83c,DOC001,document_mentions_location,Missouri,DOC001,DOC001-C0054,"Missouri, including the grotto sculpin and Tumbling Creek cave snail.",0.98
REL-553abea05e68bf017776,DOC001,document_mentions_location,Missouri,DOC001,DOC001-C0055,Missouri glyphopsyche caddisfly (Glyphopsyche missouri) ✦ Hoff’s Cave springtail (Oncopodura hoffi) ✦ Espana Cave springtail (Pseudosinella espana) ✦ Avita Cave springtail (Sinella avita) ✦ Barr’s Cave springtail (Sinella barri),0.98
REL-b6f28995d9ee309e68db,DOC001,document_mentions_location,Missouri,DOC001,DOC001-C0056,Missouri.,0.98
REL-61274fd614d062bb2980,DOC001,document_mentions_location,Missouri,DOC001,DOC001-C0057,"Missouri with up to 60,000 hibernating.",0.98
REL-655e60ecb09810ea350d,DOC001,document_mentions_location,Missouri,DOC001,DOC001-C0058,"Missouri Speleological Society, Ozark Regional Land Trust, The Nature Conservancy, the U.S.",0.98
REL-59252caf8821a54fb030,DOC001,document_mentions_location,Missouri,DOC001,DOC001-C0059,Missouri’s Cave Life.,0.98
REL-114cc4c5b381567621fe,DOC001,document_mentions_location,Missouri,DOC001,DOC001-C0060,Missouri’s lost wetlands and improving the functioning of those that remain.,0.98
REL-8ae8d756b44f4ed6aa27,DOC001,document_mentions_location,Missouri,DOC001,DOC001-C0061,Missouri’s landscape have led to extensive loss and degradation,0.98
REL-80bc516f02645b007638,DOC001,document_mentions_location,Missouri,DOC001,DOC001-C0062,Missouri’s landscape have led to extensive loss and degradation of Missouri wetlands.,0.98
REL-55dc8ac4f10a4cfb82b8,DOC001,document_mentions_location,Missouri,DOC001,DOC001-C0063,Missouri by establishing an interdis- ciplinary statewide task force with participation from agencies and partners directly involved with stream-floodplain-watershed management.,0.98
REL-4987c770a0181b9bdda2,DOC001,document_mentions_location,Missouri,DOC001,DOC001-C0064,"Missouri De- partment of Conservation, U.S.",0.98
REL-a85119a7b48a6e42ed1d,DOC001,document_mentions_location,Missouri,DOC001,DOC001-C0065,Missouri.,0.98
REL-a3e79843d0ec18f48688,DOC001,document_mentions_location,Missouri,DOC001,DOC001-C0066,"Missouri Botanical Garden, Missouri Department of Conservation, Missouri Department of Nat- ural Resources, Natural Resources Conservation Service, The Nature Conservancy, the U.S.",0.98
REL-a8cc146c30529c8afaf0,DOC001,document_mentions_location,Missouri,DOC001,DOC001-C0067,Missouri’s river and stream networks used to identify the chosen Conservation Opportunity Areas.,0.98
REL-8adca46e1093db0b982d,DOC001,document_mentions_location,Missouri,DOC001,DOC001-C0069,"Missouri include zebra mussels (Dreissena polymor - pha), quagga mussels ( Dreissena bugensis), Asian carp (i.e., bighead (Hypophthalmichthys nobilis)) and silver carp (Hypophthalmichthys molitrix ), hydrilla (Hydrilla verticill",0.98
REL-541803b11668f44d6aab,DOC001,document_mentions_location,Missouri,DOC001,DOC001-C0070,"Missouri’s rivers, streams, and reservoirs, and the degree of difficulty to make observations of distribution within a body of water, once an aquatic invasive species is introduced, it is extremely difficult to manage, let alone",0.98
REL-35f14d69833b52a55faa,DOC001,document_mentions_location,Missouri,DOC001,DOC001-C0071,"Missouri Prairie Foundation, National Wild Turkey Federation, Natural Resources Conservation Service, Pheasants For- ever, Soil and Water Conservation Districts, and Truman State Uni- versity.",0.98
REL-41aadd933189f70a22e4,DOC001,document_mentions_location,Missouri,DOC001,DOC001-C0072,Missouri were once covered in cypress swamps.,0.98
REL-019325d3a40e1af5123d,DOC001,document_mentions_location,Missouri,DOC001,DOC001-C0075,"Missouri bladderpod T, SE S3 X Glade - Plant Rhynchospora harveyi Harvey’s beak rush - S1 - Glade Grassland/Prairie Page 8 Taxa Scientific Name Common Name Federal Status* State RankW Charac- teristic Species Primary Habitat Sec",0.98
REL-c732237954b5239b9f35,DOC001,document_mentions_location,Missouri,DOC001,DOC001-C0076,"Missouri bladderpod T, SE S3 X Glade - Plant Rhynchospora harveyi Harvey’s beak rush - S1 - Glade Grassland/Prairie Page 8 Taxa Scientific Name Common Name Federal Status* State RankW Charac- teristic Species Primary Habitat Sec",0.98
REL-abc6d4be7156e733361c,DOC001,document_mentions_location,Missouri,DOC001,DOC001-C0078,Missouri cave snail - S2 - Caves/Karst - Mollusks Fontigens proserpina Proserpine cave snail - S1 - Caves/Karst - Mollusks Vertigo oscariana Capital vertigo - S1 - Forest - Page 17 Taxa Scientific Name Common Name Federal Status,0.98
REL-fb5ff66e1417da156ad1,DOC001,document_mentions_location,Missouri,DOC001,DOC001-C0079,Missouri tarantula - - X Glade - Arachnids Centruroides vittatus Striped bark scorpion - - X Glade - Crustaceans Bactrurus hubrichti Sword-tail cave amphipod - S1 - Caves/Karst - Crustaceans Bactrurus pseudodomucronatus False sw,0.98
REL-3a4786013e8b599af205,DOC001,document_mentions_location,Missouri,DOC001,DOC001-C0080,missouri Missouri glyphopsyche caddisfly - S1 - Caves/Karst (Springs) - Insects Lytrosis permagnaria Geometrid moth - SU - Forest (Bottomland Forest) - Insects Amblytropidia mysteca A Glade grasshopper - - X Glade - Insects Lasi,0.98
REL-4f1c535a19f7c4ffe24c,DOC001,document_mentions_location,Missouri,DOC001,DOC001-C0085,Missouri Chapter United States Forest Service Northern Research Station Animal and Plant Health Inspection Service University of Central Missouri Biology Department Audubon Society of Missouri University of Missouri Center for A,0.98
REL-f3b393c6a7d220b5a758,DOC001,document_mentions_location,Missouri,DOC001,DOC001-C0086,"Missouri are defined as distinct assemblages of native plants, animals and microorganisms that occur in repeatable patterns across the landscape and through time.",0.98
REL-0434c5f0c93fe8bd4482,DOC001,document_mentions_location,Missouri,DOC001,DOC001-C0087,Missouri Black-Eyed Susan 5 Schizachyrium scoparium Little Bluestem 4 Scutellaria parvula Small Skullcap 4 Silphium integrifolium Rosinweed 5 Silphium terebinthinaceum Prairie Dock 5 Sisyrinchium campestre Prairie Blue-Eyed Gras,0.98
REL-2583ec657b22e6b03b9d,DOC001,document_mentions_location,Missouri,DOC001,DOC001-C0088,Missouri Black-Eyed Susan 5 Schizachyrium scoparium Little Bluestem 4 Scutellaria parvula Small Skullcap 4 Silphium integrifolium Rosinweed 5 Silphium terebinthinaceum Prairie Dock 5 Sisyrinchium campestre Prairie Blue-Eyed Gras,0.98
REL-e8733d589d931b791b04,DOC001,document_mentions_location,Missouri,DOC001,DOC001-C0090,Missouri Goldenrod 5 Solidago rigida Stiff Goldenrod 5 Sorghastrum nutans Indian Grass Page 18 Coefficicent1 Scientific Name Common Name 6 Sporobolus heterolepis Prairie Dropseed 5 Symphotrichum ericoides Heath Aster 6 Symphyotr,0.98
REL-2e54cacb1dd7c7fe45ba,DOC001,document_mentions_location,Missouri River,DOC001,DOC001-C0022,"Missouri River Bird Observatory (MRBO) for outreach and contin - ued effectiveness monitoring of grassland-dependent bird species, and observing species response to on - going grassland management.",0.98
REL-fab99639666bc970c57a,DOC001,document_mentions_location,Missouri River,DOC001,DOC001-C0030,Missouri River from the Iowa state line to south of St.,0.98
REL-6990c9836811fe35f550,DOC001,document_mentions_location,Missouri River,DOC001,DOC001-C0031,Missouri River.,0.98
REL-f3c50922bf5f6bda1f95,DOC001,document_mentions_location,Missouri River,DOC001,DOC001-C0040,Missouri River Hills is another priority geography that holds the largest contiguous tract of forests and woodlands in Missouri north of the Mis - souri River.,0.98
REL-7214085bdb3747d2eb39,DOC001,document_mentions_location,Missouri River,DOC001,DOC001-C0051,Missouri River Hills Priority Geography.,0.98
REL-11e5b1f0a4b7f1fc64b5,DOC001,document_mentions_location,Missouri River,DOC001,DOC001-C0066,"Missouri River dissects the state into north and south, and the Mississippi River runs along the state’s eastern border.",0.98
REL-a83c507b936825060421,DOC001,document_mentions_location,Missouri River,DOC001,DOC001-C0072,"Missouri River, in Missouri, was once a turbid, braided, and unruly river.",0.98
REL-e8e9e1a11a6778eb8348,DOC001,document_mentions_location,North America,DOC001,DOC001-C0027,North America be- tween five to seven million years due to a long drying trend in our climate.,0.98
REL-7d790026ae20aba858fc,DOC001,document_mentions_location,North America,DOC001,DOC001-C0066,"North America, and management work here directly benefits the federal and state endangered Hine’s emerald dragonfly.",0.98
REL-0198f67bc751f04ba530,DOC001,document_mentions_location,United States,DOC001,DOC001-C0010,U.S. Forest Service ad- opted a similar approach for supporting management of national forests with the creation of the Forest Action Plans.,0.98
REL-70b47fd8b086e4c7094f,DOC001,document_mentions_location,United States,DOC001,DOC001-C0018,"U.S. Forest Service, North- ern Research Station began a project to incorporate climate change considerations into forest management for the Central Hardwoods Region, which includes the unglaciated forest regions of southern",0.98
REL-f5c0cf68cb9a7db98648,DOC001,document_mentions_location,United States,DOC001,DOC001-C0021,U.S. Forest Service as a formal revision of the Missouri Forest Action Plan.,0.98
REL-57308770dd54d9582fd9,DOC001,document_mentions_location,United States,DOC001,DOC001-C0031,U.S. Fish and Wildlife Ser- vice.,0.98
REL-2c40206ae3a617b9da39,DOC001,document_mentions_location,United States,DOC001,DOC001-C0032,U.S. Fish and Wildlife Ser - vice.,0.98
REL-7e3050ef7135188d0b1f,DOC001,document_mentions_location,United States,DOC001,DOC001-C0034,U.S. Fish & Wildlife Service.,0.98
REL-a712a28e5d8e375135ce,DOC001,document_mentions_location,United States,DOC001,DOC001-C0039,U.S. Forest Service.,0.98
REL-2e1154c2b4fa5b31e104,DOC001,document_mentions_location,United States,DOC001,DOC001-C0040,"U.S. Forest Service, Mark Twain National Forest; Missouri Department of Conservation; the Missouri Department of Natural Resources, the University of Missouri Extension; Natural Resources Conservation Service; and State and",0.98
REL-97462d4290144b878f3f,DOC001,document_mentions_location,United States,DOC001,DOC001-C0041,U.S. Forest Services’ Northern Research Station has a long-term study titled “Composition and Structure of Old- growth Hardwood Forests in the Midwest” that shows an increase in ironwood and decrease in desirable oak species,0.98
REL-3aef40e6e5bf5aea75f6,DOC001,document_mentions_location,United States,DOC001,DOC001-C0043,"U.S. Forest Service, and the U.S.",0.98
REL-27f448a3978f83524d07,DOC001,document_mentions_location,United States,DOC001,DOC001-C0046,"U.S. Forest Service, and U.S.",0.98
REL-dfc6e8ed2db733437731,DOC001,document_mentions_location,United States,DOC001,DOC001-C0065,U.S. Fish & Wildlife Service (Mingo National Wildlife Refuge managers).,0.98
REL-2675f3471f9b6f404dea,DOC001,document_mentions_location,United States,DOC001,DOC001-C0069,"United States alone, these inva- sive species amount to hundreds of billions of dollars per year to manage.",0.98
REL-5ffc868d94c9894c00b7,DOC001,document_mentions_location,United States,DOC001,DOC001-C0085,United States Forest Service Northern Research Station Animal and Plant Health Inspection Service University of Central Missouri Biology Department Audubon Society of Missouri University of Missouri Center for Agroforestry Central Ha,0.98
REL-6e428d59b586033e2fe4,DOC002,document_mentions_location,Mississippi River,DOC002,DOC002-C0005,"Mississippi River Basin Healthy Watershed Initiative (MRBI) and the National Water Quality Initiative (NWQI) coordination effort with other federal and state agencies, Soil and Water Conservation Districts, and X local citizens to priori",0.98
REL-3c5979b0641d1ad006fc,DOC002,document_mentions_location,Mississippi River,DOC002,DOC002-C0006,"Mississippi River Basin Healthy Watershed Initiative (MRBI) and the National Water Quality Initiative (NWQI) coordination effort with other federal and state agencies, Soil and Water Conservation Districts, and X local citizens to priori",0.98
REL-a8e638d7226f9e6a11f5,DOC002,document_mentions_location,Mississippi River,DOC002,DOC002-C0007,"Mississippi River Restoration Program, Navigation and Ecosystem Sustainability Program, Lower Missouri River Flood Risk and Resiliency Study) to promote wetland enhancement, rehabilitation, and restoration.",0.98
REL-a1d81e7112655b0980af,DOC002,document_mentions_location,Mississippi River,DOC002,DOC002-C0008,"Mississippi River Restoration Program, Navigation and Ecosystem Sustainability Program, Lower Missouri River Flood Risk and Resiliency Study) to promote wetland enhancement, rehabilitation, and restoration.",0.98
REL-95761d0daba7ee57020c,DOC002,document_mentions_location,Missouri,DOC002,DOC002-C0001,Missouri Wetland Program Plan 2023 – 2028 Marsh Wetlands along the Missouri River Source: USGS Prepared by: Missouri Department of Natural Resources P.O.,0.98
REL-69d326e22bf215fecc60,DOC002,document_mentions_location,Missouri,DOC002,DOC002-C0002,Missouri – Columbia Chris Hamilton Natural Resources Conservation Service Erin Holmes U.S.,0.98
REL-8f1ec9d413f02e239410,DOC002,document_mentions_location,Missouri,DOC002,DOC002-C0003,"Missouri, which is a current information gap.",0.98
REL-5e9c5e25ca311c8f95ce,DOC002,document_mentions_location,Missouri,DOC002,DOC002-C0004,"Missouri’s Wetlands while avoiding, minimizing and mitigating for impacts.",0.98
REL-d19a0b8683c732fa0aee,DOC002,document_mentions_location,Missouri,DOC002,DOC002-C0005,Missouri Stream Teams United (MSTU) in implementing streambank stabilization and wetland restoration at the confluence of Hickory and Shoal Creeks (https://shoalcreekwatershed.org).,0.98
REL-32df7075df82597ed379,DOC002,document_mentions_location,Missouri,DOC002,DOC002-C0006,Missouri; these are a combination of ACEP–WRE and Emergency Watershed Protection Program – Floodplain Easement Option (EWPP–FPE) easements.,0.98
REL-204fb4b65c96876ce29a,DOC002,document_mentions_location,Missouri,DOC002,DOC002-C0007,Missouri; these are a combination of ACEP–WRE and Emergency Watershed Protection Program – Floodplain Easement Option (EWPP–FPE) easements.,0.98
REL-0ad03613419db9827209,DOC002,document_mentions_location,Missouri,DOC002,DOC002-C0008,"Missouri and Mississippi rivers (Upper Mississippi River Restoration Program, Navigation and Ecosystem Sustainability Program, Lower Missouri River Flood Risk and Resiliency Study) to promote wetland enhancement, rehabilitation,",0.98
REL-7d2ddc54b30e779ed63e,DOC002,document_mentions_location,Missouri River,DOC002,DOC002-C0001,Missouri River Source: USGS Prepared by: Missouri Department of Natural Resources P.O.,0.98
REL-9d8ecb9978d2545de4af,DOC002,document_mentions_location,Missouri River,DOC002,DOC002-C0007,"Missouri River Flood Risk and Resiliency Study) to promote wetland enhancement, rehabilitation, and restoration.",0.98
REL-7f9580d756e30b14d6fe,DOC002,document_mentions_location,Missouri River,DOC002,DOC002-C0008,"Missouri River Flood Risk and Resiliency Study) to promote wetland enhancement, rehabilitation, and restoration.",0.98
REL-b7537e4cc1dcf42ed53a,DOC002,document_mentions_location,United States,DOC002,DOC002-C0002,Geological Survey Mike Shannon Ducks Unlimited (Missouri) Tom Jacobs Mid-America Regional Council Kyle Steele U.S. Forest Service Rob Hunt The Nature Conservancy Matthew Sailor U.S.,0.98
REL-2be2efee72ce33a7b1e3,DOC002,document_mentions_location,United States,DOC002,DOC002-C0003,"United States Geological Survey 3D Hydrography Program (USGS 3DHP) and be tied into the National Map of geospatial datasets used for flood modeling, natural resource planning, and risk assessment.",0.98
REL-20e7839e6267fd318be0,DOC003,document_mentions_location,Canada,DOC003,DOC003-C0001,"Canada NAWMP Implementation Office Wildlife Conservation Branch Canadian Wildlife Service Environment Canada Place Vincent Massey, 3rd Floor 351 St.",0.98
REL-d336608268cce98551d4,DOC003,document_mentions_location,Canada,DOC003,DOC003-C0003,Canada Geese .,0.98
REL-23253d68be1726034db2,DOC003,document_mentions_location,Canada,DOC003,DOC003-C0004,Canada .,0.98
REL-4a17defeff8e7957b0a2,DOC003,document_mentions_location,Canada,DOC003,DOC003-C0005,"Canada and the United States in 1986, laid out A Strategy for Cooperation in the conservation of waterfowl.",0.98
REL-3642e3a1944f38bcbc9a,DOC003,document_mentions_location,Canada,DOC003,DOC003-C0006,"Canada, the United States, and Mexico to the levels recorded during the 1970s—a benchmark decade for waterfowl.",0.98
REL-b2ae43ec97007dbc5b26,DOC003,document_mentions_location,Canada,DOC003,DOC003-C0007,"Canada, the United States, and Mexico.",0.98
REL-c9cc7819abd99767c3d8,DOC003,document_mentions_location,Canada,DOC003,DOC003-C0008,"Canada and the United States signed a treaty for the conservation of migratory birds, and in 1936 the United States and Mexico signed a similar convention.",0.98
REL-71d4b7b2d56c036690ea,DOC003,document_mentions_location,Canada,DOC003,DOC003-C0009,Canada Changes in the international context—global and continental— will continue to present challenges to Plan partners in managing landscapes important to waterfowl and other migratory birds and wildlife.,0.98
REL-888e67b6bfd3b850d7f2,DOC003,document_mentions_location,Canada,DOC003,DOC003-C0010,Canada; and natural resources programs such as the System of Units for Conservation Management and Sustainable Use of Wildlife and the Natural Protected Areas System in Mexico.,0.98
REL-4f7c5b311a93d3155e36,DOC003,document_mentions_location,Canada,DOC003,DOC003-C0011,Canada Enhance planning and evaluation by expanding monitoring and assessment capabilities The monitoring and assessment programs used to guide waterfowl management in North America are among the best such programs in the worl,0.98
REL-52894501461867fd11ea,DOC003,document_mentions_location,Canada,DOC003,DOC003-C0012,"Canada Broadening the Scope of Partnerships The Vision Plan partners collaborate with other conservation efforts, particularly migratory bird initiatives, and reach out to other sectors and communities to forge broader allianc",0.98
REL-474ec4ae6c98084c4cb6,DOC003,document_mentions_location,Canada,DOC003,DOC003-C0013,Canada considered.,0.98
REL-8d468fcf49c883a351f7,DOC003,document_mentions_location,Canada,DOC003,DOC003-C0014,"Canada 1998 Update 15 PART 2 Population Objectives and Status of North American Waterfowl Population Objectives North America has 43 species of ducks, geese, and swans that typically depend on habitats in two or more countries",0.98
REL-9c0f7d525b27ca540bfc,DOC003,document_mentions_location,Canada,DOC003,DOC003-C0015,"Canada geese, remain well below Plan goals.",0.98
REL-f7e2ef482eac2c7cd001,DOC003,document_mentions_location,Canada,DOC003,DOC003-C0016,"Canada, which should be useful in refining estimates and goals for certain species in the future.",0.98
REL-8c53e82cb4cf6198ee9c,DOC003,document_mentions_location,Canada,DOC003,DOC003-C0017,Canada indicate that the breeding black duck population has increased in the Maritime Provinces but has shown declines in the western portions of its breeding range.,0.98
REL-40de92f8c27f8465f564,DOC003,document_mentions_location,Canada,DOC003,DOC003-C0018,"Canada geese, snow geese, white- fronted geese, and brant.",0.98
REL-fb7de2c187844b67537b,DOC003,document_mentions_location,Canada,DOC003,DOC003-C0019,Canada Geese Nine Canada goose populations currently exceed Plan objectives.,0.98
REL-54d12fa7e44933b2af06,DOC003,document_mentions_location,Canada,DOC003,DOC003-C0020,Canada goose re- introductions.,0.98
REL-90fc53e2377c457706b0,DOC003,document_mentions_location,Canada,DOC003,DOC003-C0021,"Canada, the United States, and Mexico.",0.98
REL-1552ab5dd048c7824f47,DOC003,document_mentions_location,Canada,DOC003,DOC003-C0022,"Canada and Mexico), annual progress reports, and other reports; and coordinates with other federal agencies and the U.S.",0.98
REL-0a8a9f5ed46e32a2e1be,DOC003,document_mentions_location,Canada,DOC003,DOC003-C0023,"Canada and Mexico), annual progress reports, and other reports; and coordinates with other federal agencies and the U.S.",0.98
REL-245c2b520d339068b69e,DOC003,document_mentions_location,Chesapeake Bay,DOC003,DOC003-C0019,"Chesapeake Bay, and the Western Population winters at various locations along the west coast from southern British Columbia to the lower Colorado River in southwest Arizona and California.",0.98
REL-0d7b24aea3ad5cfdb032,DOC003,document_mentions_location,Great Lakes,DOC003,DOC003-C0019,Great Lakes states and Ontario.,0.98
REL-395db825830c82380a9a,DOC003,document_mentions_location,Great Lakes,DOC003,DOC003-C0020,"Great Lakes Region 1,329,000 1 605,2001,3 605,2001,3 U.S.",0.98
REL-021fff836f6ff917e169,DOC003,document_mentions_location,Great Lakes,DOC003,DOC003-C0022,Great Lakes Region Joint V enture Additional habitat joint ventures are expected to develop over time in many of the remaining waterfowl areas of major concern.,0.98
REL-613803eed7dd85852643,DOC003,document_mentions_location,Great Lakes,DOC003,DOC003-C0023,Great Lakes Region Joint V enture Additional habitat joint ventures are expected to develop over time in many of the remaining waterfowl areas of major concern.,0.98
REL-f8f70e1035c4fc2c3066,DOC003,document_mentions_location,Gulf Coast,DOC003,DOC003-C0020,"Gulf Coast 689,000 104,000 958,000 Intermountain West 1,500,000 500,000 500,000 Lower Mississippi Valley 407,000 864,000 1,182,000 Pacific Coast 2 116,600 21,000 3 21,0003 Playa Lakes 51,000 10,000 25,000 Prairie Pothole 1,891,515",0.98
REL-ceed9b8cbd866b4e5bfe,DOC003,document_mentions_location,Gulf Coast,DOC003,DOC003-C0022,Gulf Coast Joint V enture Intermountain West Joint V enture Lower Mississippi Valley Joint V enture Pacific Coast Joint V enture (United States and Canada) Playa Lakes Joint V enture Prairie Habitat Joint V enture Prairie Pothole,0.98
REL-709f0c0d9b45b58abb93,DOC003,document_mentions_location,Gulf Coast,DOC003,DOC003-C0023,Gulf Coast Joint V enture Intermountain West Joint V enture Lower Mississippi Valley Joint V enture Pacific Coast Joint V enture (United States and Canada) Playa Lakes Joint V enture Prairie Habitat Joint V enture Prairie Pothole,0.98
REL-57f8f07b56c03ba6149c,DOC003,document_mentions_location,Mississippi River,DOC003,DOC003-C0020,Mississippi River-Great Lakes Region JV 23 Lower Mississippi Valley JV 24 Gulf Coast JV 25 Playa Lakes JV 26 Rainwater Basin JV 27 Sandhills 28 Central Valley Habitat JV 29 San Francisco Bay 30 Pacific Coast JV 31 Intermountain West JV 3,0.98
REL-f71a03d156757c9dfabf,DOC003,document_mentions_location,Mississippi River,DOC003,DOC003-C0022,Mississippi River – Great Lakes Region Joint V enture Additional habitat joint ventures are expected to develop over time in many of the remaining waterfowl areas of major concern.,0.98
REL-232bed3278248d6c025e,DOC003,document_mentions_location,Mississippi River,DOC003,DOC003-C0023,Mississippi River – Great Lakes Region Joint V enture Additional habitat joint ventures are expected to develop over time in many of the remaining waterfowl areas of major concern.,0.98
REL-fa0b1f98f59dd9a455c3,DOC003,document_mentions_location,North America,DOC003,DOC003-C0001,"North America where the needs of waterfowl—and indeed all wild species— are considered, as citizens participate in making decisions about the use of landscapes.",0.98
REL-e50fc0f078430233c6f9,DOC003,document_mentions_location,North America,DOC003,DOC003-C0002,North America.,0.98
REL-d1f1012399b895c3ba7d,DOC003,document_mentions_location,North America,DOC003,DOC003-C0004,"North America, 1970–1979 .",0.98
REL-27dc5d0c3a9b1d8781e1,DOC003,document_mentions_location,North America,DOC003,DOC003-C0005,"North America, 1970–1979 .",0.98
REL-02ab1c01b497fcbafcb3,DOC003,document_mentions_location,North America,DOC003,DOC003-C0006,"North America’s rich biological diversity, as well as provide environmental services such as water quality improvement and erosion control.",0.98
REL-8eb2cedcc12561922b38,DOC003,document_mentions_location,North America,DOC003,DOC003-C0007,"North America’s ducks, geese, and swans.",0.98
REL-87034888b712e59cff0a,DOC003,document_mentions_location,North America,DOC003,DOC003-C0008,"North America has adapted to changing environmental, economic, social, and political forces.",0.98
REL-9807997f0baf63794655,DOC003,document_mentions_location,North America,DOC003,DOC003-C0009,North America.,0.98
REL-12a207eacc28dc607f0b,DOC003,document_mentions_location,North America,DOC003,DOC003-C0010,"North America could reduce both broad support for, and incentives for farmers to participate in, several programs that have been critical to the Plan’s success to date.",0.98
REL-4b40dd2e0e35edf4475e,DOC003,document_mentions_location,North America,DOC003,DOC003-C0011,North America are among the best such programs in the world.,0.98
REL-227b2f91bd273bca1e23,DOC003,document_mentions_location,North America,DOC003,DOC003-C0014,"North America has 43 species of ducks, geese, and swans that typically depend on habitats in two or more countries to complete portions of their life cycles.",0.98
REL-1081d6712fa4555ce3e6,DOC003,document_mentions_location,North America,DOC003,DOC003-C0015,"North America’s waterfowl, however, the Plan’s scope should be broadened to include national and regional planning for and management of endemic or non-migratory waterfowl species such as whistling ducks and masked ducks.",0.98
REL-46d66efaaaf0e4233a9b,DOC003,document_mentions_location,North America,DOC003,DOC003-C0016,"North America, and are of greatest importance to sport hunting and viewing.",0.98
REL-d4f949bd1e787f0afc6b,DOC003,document_mentions_location,North America,DOC003,DOC003-C0017,"North America, and generally inhabits areas with dense overhead cover.",0.98
REL-d3526cc249783cb825d3,DOC003,document_mentions_location,North America,DOC003,DOC003-C0018,North America and along the shore of Hudson Bay.,0.98
REL-555e64326b81e144156b,DOC003,document_mentions_location,North America,DOC003,DOC003-C0020,North America 1998 Update 27 1 Izembek Lagoon 2 Upper Alaska Peninsula 3 Yukon-Kuskokwim Delta 4 Upper Cook Inlet 5 Copper River Delta 6 Yukon Flats 7 Teshekpuk Lake 8 Old Crow Flats 9 Mackenzie River Delta 10 Anderson River Delta (M,0.98
REL-a9fa31a66bff638481ca,DOC003,document_mentions_location,United States,DOC003,DOC003-C0001,"United States Julia Carabias Lillo Minister of Environment, Natural Resources and Fisheries, Mexico Christine Stewart Minister of the Environment, Canada NORTH AMERICAN WATERFOWL MANAGEMENT PLAN EXPANDING the VISION Update U.S.",0.98
REL-1cd42475eaa6e2f146de,DOC003,document_mentions_location,United States,DOC003,DOC003-C0004,United States .,0.98
REL-6f653c2e475c59acb38e,DOC003,document_mentions_location,United States,DOC003,DOC003-C0005,"United States in 1986, laid out A Strategy for Cooperation in the conservation of waterfowl.",0.98
REL-c654063372591f5b4cd7,DOC003,document_mentions_location,United States,DOC003,DOC003-C0006,"United States, and Mexico to the levels recorded during the 1970s—a benchmark decade for waterfowl.",0.98
REL-2bbb9225fa59d88b77f7,DOC003,document_mentions_location,United States,DOC003,DOC003-C0007,"United States, and Mexico.",0.98
REL-a518ac19ac788b8dec0e,DOC003,document_mentions_location,United States,DOC003,DOC003-C0008,"US$1.5 billion to secure, protect, restore, enhance, and manage wetlands and associated uplands in priority landscapes.",0.98
REL-4d0bc0d49aa3f1bdcc83,DOC003,document_mentions_location,United States,DOC003,DOC003-C0009,"U.S. government provided an incentive for Canada, the United States, and Mexico to accelerate cooperative migratory bird conservation efforts with passage of the North American Wetlands Conservation Act in 1989.",0.98
REL-6c7216aa2ab56105ef06,DOC003,document_mentions_location,United States,DOC003,DOC003-C0010,"United States; the Prairie CARE (Conservation of Agriculture, Resources, and the Environment) and Ontario CARE programs in the United States and Canada; and natural resources programs such as the System of Units for Conservation Mana",0.98
REL-03d5c07fabf2173bb048,DOC003,document_mentions_location,United States,DOC003,DOC003-C0012,"U.S. conservation organizations began matching funds from state wildlife agencies and facilitating the transfer of monies across an international border, to be further matched and expended by private, provincial, and federal",0.98
REL-8c8183da017358184ca2,DOC003,document_mentions_location,United States,DOC003,DOC003-C0014,United States or Canada.,0.98
REL-d5af1e4d7d89ad452325,DOC003,document_mentions_location,United States,DOC003,DOC003-C0016,"United States and eastern Canada, which should be useful in refining estimates and goals for certain species in the future.",0.98
REL-fc06a2741308d3cd1914,DOC003,document_mentions_location,United States,DOC003,DOC003-C0017,United States and Mexico.,0.98
REL-0162d92aeede9d350d87,DOC003,document_mentions_location,United States,DOC003,DOC003-C0018,"United States, and Mexico are jointly responsible for the monitoring and management of these populations and species.",0.98
REL-fdfcdda8a0e71d8c60cd,DOC003,document_mentions_location,United States,DOC003,DOC003-C0020,"UNITED STATES Atlantic Coast 945,000 1 88,0501 121,7401 Central Valley Habitat 80,000 120,000 735,000 Gulf Coast 689,000 104,000 958,000 Intermountain West 1,500,000 500,000 500,000 Lower Mississippi Valley 407,000 864,000 1,182,000",0.98
REL-79c9e93a9dc563647e2b,DOC003,document_mentions_location,United States,DOC003,DOC003-C0021,"United States, and Mexico.",0.98
REL-a195e9833e7a0e7058e7,DOC003,document_mentions_location,United States,DOC003,DOC003-C0022,"United States In the United States, the Plan has become a network led by the joint ventures to connect diverse programs aimed at migratory bird and habitat conservation on public and private lands.",0.98
REL-85eb76d4554d01e56486,DOC003,document_mentions_location,United States,DOC003,DOC003-C0023,U.S. Congress.,0.98
REL-30d64af844ae47bf7582,DOC004,document_mentions_location,Canada,DOC004,DOC004-C0001,and Canada signed the Plan in 1986 and Mexico in 1994.,0.98
REL-1ef7714a9ea295163529,DOC004,document_mentions_location,Canada,DOC004,DOC004-C0002,Conserving the vast boreal forest of Canada and Alaska.,0.98
REL-c2352feb8c19f5dcab3d,DOC004,document_mentions_location,North America,DOC004,DOC004-C0001,North America.,0.98
REL-c641901ad50beea1b154,DOC004,document_mentions_location,North America,DOC004,DOC004-C0002,North America.,0.98
REL-80ed5939261e34f08793,DOC004,document_mentions_location,United States,DOC004,DOC004-C0001,"U.S. and Canadian governments developed a strategy to restore waterfowl populations through habitat protection, restoration, and enhancement.",0.98
REL-1c0dc1d776a393d3807b,DOC005,document_mentions_location,Chesapeake Bay,DOC005,DOC005-C0002,Chesapeake Bay watershed .......................................................................................................7 4.,0.98
REL-6105b1757daa482cce6d,DOC005,document_mentions_location,Chesapeake Bay,DOC005,DOC005-C0003,"Chesapeake Bay and the Chesapeake Bay drainage area, and this document was produced to summarize the related findings.",0.98
REL-85ce54eb2805c3816917,DOC005,document_mentions_location,Chesapeake Bay,DOC005,DOC005-C0004,"Chesapeake Bay has an annual yield of approximately 500 million pounds of seafood, includ- ing Morone saxitilis (striped bass), Callinectes sapidus (blue crab), Crassostrea virginica (Eastern oyster), and many other species (Maryland",0.98
REL-dd840e31a750f4c18508,DOC005,document_mentions_location,Chesapeake Bay,DOC005,DOC005-C0005,"Chesapeake Bay watershed, economic consequences of AIS also stand to be substantial.",0.98
REL-6b6708ebc0b350a58752,DOC005,document_mentions_location,Chesapeake Bay,DOC005,DOC005-C0006,Chesapeake Bay and its drainage area.,0.98
REL-9dff6fcafe23d034dcd1,DOC005,document_mentions_location,Chesapeake Bay,DOC005,DOC005-C0007,2016 X 6 Aquatic Invasive Species in the Chesapeake Bay Drainage Table 1B.,0.98
REL-ff38dfac24886d74cb60,DOC005,document_mentions_location,Chesapeake Bay,DOC005,DOC005-C0008,Chesapeake Bay.,0.98
REL-92ac1f98ce721620a378,DOC005,document_mentions_location,Chesapeake Bay,DOC005,DOC005-C0009,"Chesapeake Bay watershed, with water flowing to the bay through four large rivers (Potomac, Rappahannock, York, and James) or along the 7,200 miles of tidal shore- line (VDCR, 2019).",0.98
REL-3146db92a5383b483e78,DOC005,document_mentions_location,Chesapeake Bay,DOC005,DOC005-C0010,Chesapeake Bay water- shed.,0.98
REL-5b252fc7115673af515f,DOC005,document_mentions_location,Chesapeake Bay,DOC005,DOC005-C0011,Chesapeake Bay watershed (U.S.,0.98
REL-01bcaebf67d462353848,DOC005,document_mentions_location,Chesapeake Bay,DOC005,DOC005-C0012,Chesapeake Bay watershed.,0.98
REL-e6a59dc05fe58dc007d9,DOC005,document_mentions_location,Chesapeake Bay,DOC005,DOC005-C0013,Chesapeake Bay drainage area operate interjurisdictionally to protect and conserve biotic and abiotic natural resources in their respec- tive drainage areas.,0.98
REL-eee331e23e7765b9dd16,DOC005,document_mentions_location,Chesapeake Bay,DOC005,DOC005-C0014,"Chesapeake Bay watershed, and both agencies work with the States and with other Federal entities, such as USGS, for AIS science in support of management needs.",0.98
REL-69b5f41f702397e1e98e,DOC005,document_mentions_location,Chesapeake Bay,DOC005,DOC005-C0015,Chesapeake Bay watershed.,0.98
REL-452e3971a5ac8dc91bfb,DOC005,document_mentions_location,Chesapeake Bay,DOC005,DOC005-C0016,Chesapeake Bay drainage area.,0.98
REL-7d4ba1e7c3eb38320b27,DOC005,document_mentions_location,Chesapeake Bay,DOC005,DOC005-C0017,"Chesapeake Bay watershed by Hydrologic Unit Code 6 Drainage (James, Lower Chesapeake, Upper Chesapeake, Potomac, Lower Susquehanna, West Branch Susquehanna, and Upper Susquehanna).",0.98
REL-f8a0758221cec563a5df,DOC005,document_mentions_location,Chesapeake Bay,DOC005,DOC005-C0018,All Chesapeake Bay regional partners recognized and emphasized the need to communicate to the public the importance of AIS management and the crucial role of the public in prevention of AIS introduction and dissemination.,0.98
REL-383cd6aed77e10aba254,DOC005,document_mentions_location,Chesapeake Bay,DOC005,DOC005-C0019,"Chesapeake Bay Program (www.chesapeakebay.net), which has multiple Goal Implementation Teams (GITs) and workgroups for address- ing specific regional issues.",0.98
REL-f20effc02d38f8576739,DOC005,document_mentions_location,Great Lakes,DOC005,DOC005-C0004,"Great Lakes States resulted in an estimated annual economic cost of more than $100 million (Rosaen and others, 2016).",0.98
REL-89730026a5aad818cd28,DOC005,document_mentions_location,Great Lakes,DOC005,DOC005-C0005,"Great Lakes States resulted in an estimated annual economic cost of more than $100 million (Rosaen and others, 2016).",0.98
REL-0957c79a66373c447b76,DOC005,document_mentions_location,Great Lakes,DOC005,DOC005-C0012,Great Lakes drainage areas include the round goby and the viral hemorrhagic septicemia virus.,0.98
REL-441c011c120e122fee48,DOC005,document_mentions_location,Great Lakes,DOC005,DOC005-C0013,"Great Lakes Panel on Aquatic Nuisance Species (United States and Canadian membership representing governmental and non-governmental interests), and the Adirondack Watershed Institute (Paul Smith’s College, Paul Smiths, NY).",0.98
REL-573b41d10e5c554877b3,DOC005,document_mentions_location,Great Lakes,DOC005,DOC005-C0017,Great Lakes and Upper Midwest Red Swamp Crayfish Procambarus clarkii ** ** 1996 Gulf coastal plain & lower Mississippi Southern White River crawfish Procambarus zonan- gulus ** ** 1996 Louisiana Asian clam Corbicula fluminea ** **,0.98
REL-3d08f45f5483a3249b9e,DOC005,document_mentions_location,Mississippi River,DOC005,DOC005-C0017,Mississippi River Flathead catfish Pylodictis olivaris * * * * 1965 Mississippi and lower Great Lakes Banded darter Etheostoma zonale * * * 1978 Lake Michigan and Mississippi Brown trout Salmo trutta * * * * * 1990s Eurasia Rock bass Amb,0.98
REL-3e65ef61969bf840ee03,DOC005,document_mentions_location,United States,DOC005,DOC005-C0002,"U.S. customary units to International System of Units Multiply By To obtain Length mile (mi) 1.609 kilometer (km) mile, nautical (nmi) 1.852 kilometer (km) Area vii Multiply By To obtain acre 4,047 square meter (m2) acre 0.4",0.98
REL-6ebe33766f3c312ca0ee,DOC005,document_mentions_location,United States,DOC005,DOC005-C0003,"United States, Chesapeake Bay is a vital global resource from ecological and economic perspectives.",0.98
REL-6ffdb516aebbfb414027,DOC005,document_mentions_location,United States,DOC005,DOC005-C0004,United States date to well over a century ago.,0.98
REL-0320520b8b19178bdd0e,DOC005,document_mentions_location,United States,DOC005,DOC005-C0005,"United States total well more than $100 billion annually (Pimentel and others, 2005).",0.98
REL-13ee4d60119c062b9a37,DOC005,document_mentions_location,United States,DOC005,DOC005-C0007,"U.S. Forest Service, USDA USDA, 2013, Forest Service National Strategic Framework for Invasive Species Management, FS-1017: USDA, Washington, DC.",0.98
REL-d6b011a06fba49304746,DOC005,document_mentions_location,United States,DOC005,DOC005-C0013,"United States and Canadian membership representing governmental and non-governmental interests), and the Adirondack Watershed Institute (Paul Smith’s College, Paul Smiths, NY).",0.98
REL-2310194a990ecb917f61,DOC005,document_mentions_location,United States,DOC005,DOC005-C0014,"Department of State, U.S. Coast Guard, U.S.",0.98
REL-b66cef71042a9200bf5d,DOC005,document_mentions_location,United States,DOC005,DOC005-C0015,"Department of State, U.S. Coast Guard, U.S.",0.98
REL-66fe382ca1ec2e8283f1,DOC005,document_mentions_location,United States,DOC005,DOC005-C0017,"U.S., Mississippi River Greenside darter Etheostoma blen- noides * * * * 1960s Great Lakes and Mississippi River Rainbow darter Etheostoma caeru- leum * 1996 Great Lakes and Mississippi River to Potomac Mimic shiner Notropis",0.98
REL-12aadf88e4447e413eb0,DOC006,document_mentions_location,Great Lakes,DOC006,DOC006-C0002,Great Lakes basins.,0.98
REL-f674bcd697987718ee89,DOC006,document_mentions_location,Great Lakes,DOC006,DOC006-C0003,Great Lakes.,0.98
REL-5889552f8948bdd7bc85,DOC006,document_mentions_location,Great Lakes,DOC006,DOC006-C0004,Great Lakes Restoration Initiative.,0.98
REL-37d2bffbf725dc5a341f,DOC006,document_mentions_location,Great Lakes,DOC006,DOC006-C0006,Great Lakes and other associated tributaries.,0.98
REL-04b8133179d061beb31e,DOC006,document_mentions_location,Great Lakes,DOC006,DOC006-C0007,Great Lakes and other associated tributaries.,0.98
REL-e96edb96e946b714263c,DOC006,document_mentions_location,Mississippi River,DOC006,DOC006-C0002,Mississippi River and Great Lakes basins.,0.98
REL-967ff7a07aec36424299,DOC006,document_mentions_location,North America,DOC006,DOC006-C0007,North America.,0.98
REL-3551f35b54d90342f6c7,DOC006,document_mentions_location,United States,DOC006,DOC006-C0001,United States that are impacted by aquatic invasive species (Section 1108(b)).,0.98
REL-c370ccae913aabd20e8f,DOC006,document_mentions_location,United States,DOC006,DOC006-C0002,"A recent survey found that 61% of responding Districts within the continental United States, reported zebra mussels in USACE managed waters (Hay et al.",0.98
REL-d78189231fbe770301a1,DOC006,document_mentions_location,United States,DOC006,DOC006-C0005,U.S. Biological control research funded by APCRP is conducted in collaboration with scientists at the U.S.,0.98
REL-ce1947ead46964eb402c,DOC006,document_mentions_location,United States,DOC006,DOC006-C0006,U.S. Recent successes include a recommendation by the Technical Advisory Group for Biological Control Agents on Weeds (TAG-BCAW) for field release of two insect agents for control of phragmites.,0.98
REL-7ddb2f38f11b17ee9911,DOC006,document_mentions_location,United States,DOC006,DOC006-C0007,"U.S., and knowledge on the genetic variability among flowering rush and alligatorweed populations.",0.98
REL-b1d238c27208dcb78c06,DOC007,document_mentions_location,Chesapeake Bay,DOC007,DOC007-C0007,Chesapeake Bay after more than 20 years of coordinated management.,0.98
REL-bf888c24155f1df3a5cb,DOC007,document_mentions_location,Great Lakes,DOC007,DOC007-C0003,"Great Lakes Early Detection Monitoring Program, National Park Service (NPS) Invasive Plant Management Teams, USFWS Invasive Species Strike Teams, asset-based and invasion hotspot EDRR surveillance projects (e.g., CNMI 6 little fire",0.98
REL-0a2ee99fc1f3fb178bc7,DOC007,document_mentions_location,Great Lakes,DOC007,DOC007-C0006,Great Lakes Science Center scientist in Michigan counts invasive larval sea lamprey after exposure to lampricide in an experiment assessing development of resistance.,0.98
REL-8a6d29a8efd93e0177b8,DOC007,document_mentions_location,Great Lakes,DOC007,DOC007-C0007,Great Lakes.,0.98
REL-1b818f739d607afffc8b,DOC007,document_mentions_location,Mississippi River,DOC007,DOC007-C0006,"Mississippi River Basin and stop their spread into the Great Lakes, focusing on key pinch points like Brandon Road Lock and Dam on the Illinois River.",0.98
REL-8f38a3e32dfdaf0bb97e,DOC007,document_mentions_location,Missouri River,DOC007,DOC007-C0006,Missouri River Breaks on Charles M.,0.98
REL-4a1f4dc5c5cda2394d48,DOC007,document_mentions_location,United States,DOC007,DOC007-C0002,Increase the use of cost- effec tive approaches to prevent the introduction of invasive species into the United States.,0.98
REL-858c86de232ba56c77f4,DOC007,document_mentions_location,United States,DOC007,DOC007-C0003,"U.S. Territorial conferences on infrastructure and collaboration Led and expanded national Memoranda of Understanding (MOU) to act on shared priorities Invasive Mussels Rapid Response MOU 2, Island Restoration MOU3, Preventi",0.98
REL-ed9bc447f92bcba53493,DOC007,document_mentions_location,United States,DOC007,DOC007-C0004,"U.S. borders Invasive species interceptions at borders and points of entry (see Measures) Effective biosecurity measures reduced the number of invasive species that arrived, established, and spread within the United States.",0.98
REL-cec2cf09984247436df2,DOC007,document_mentions_location,United States,DOC007,DOC007-C0005,U.S. resources and restoring impacted public lands.,0.98
REL-31977fafbdc3ed2e8706,DOC007,document_mentions_location,United States,DOC007,DOC007-C0006,U.S. territories.,0.98
REL-1ad73ae819f87c854186,DOC007,document_mentions_location,United States,DOC007,DOC007-C0007,U.S. WHATS NEXT?,0.98
REL-f6503021333517fa1847,DOC007,document_mentions_location,United States,DOC007,DOC007-C0008,United States.,0.98
REL-71269cdce6058b376ab3,DOC007,document_mentions_location,United States,DOC007,DOC007-C0009,United States.,0.98
REL-c5295f9e02a24c6e978d,DOC008,document_mentions_location,Chesapeake Bay,DOC008,DOC008-C0007,Chesapeake Bay after more than 20 years of coordinated management.,0.98
REL-ea6811c3109aaafc0c50,DOC008,document_mentions_location,Great Lakes,DOC008,DOC008-C0003,"Great Lakes Early Detection Monitoring Program, National Park Service (NPS) Invasive Plant Management Teams, USFWS Invasive Species Strike Teams, asset-based and invasion hotspot EDRR surveillance projects (e.g., CNMI 6 little fire",0.98
REL-272a35701fdeab439c1f,DOC008,document_mentions_location,Great Lakes,DOC008,DOC008-C0006,Great Lakes Science Center scientist in Michigan counts invasive larval sea lamprey after exposure to lampricide in an experiment assessing development of resistance.,0.98
REL-9f5eb5bc30a5886091e5,DOC008,document_mentions_location,Great Lakes,DOC008,DOC008-C0007,Great Lakes.,0.98
REL-ec6dd2fdb4bc48e3c9dd,DOC008,document_mentions_location,Mississippi River,DOC008,DOC008-C0006,"Mississippi River Basin and stop their spread into the Great Lakes, focusing on key pinch points like Brandon Road Lock and Dam on the Illinois River.",0.98
REL-20a2545f27368c79c53b,DOC008,document_mentions_location,Missouri River,DOC008,DOC008-C0006,Missouri River Breaks on Charles M.,0.98
REL-5d4304a4dfed5383ffae,DOC008,document_mentions_location,United States,DOC008,DOC008-C0002,Increase the use of cost- effec tive approaches to prevent the introduction of invasive species into the United States.,0.98
REL-55abdf4c8a0299cb4289,DOC008,document_mentions_location,United States,DOC008,DOC008-C0003,"U.S. Territorial conferences on infrastructure and collaboration Led and expanded national Memoranda of Understanding (MOU) to act on shared priorities Invasive Mussels Rapid Response MOU 2, Island Restoration MOU3, Preventi",0.98
REL-f5be3aaa2f2e9f575951,DOC008,document_mentions_location,United States,DOC008,DOC008-C0004,"U.S. borders Invasive species interceptions at borders and points of entry (see Measures) Effective biosecurity measures reduced the number of invasive species that arrived, established, and spread within the United States.",0.98
REL-af0918be4f49eb2169ae,DOC008,document_mentions_location,United States,DOC008,DOC008-C0005,U.S. resources and restoring impacted public lands.,0.98
REL-11143e3bf1f80cf73e47,DOC008,document_mentions_location,United States,DOC008,DOC008-C0006,U.S. territories.,0.98
REL-cc8fa27201336d4df8d7,DOC008,document_mentions_location,United States,DOC008,DOC008-C0007,U.S. WHATS NEXT?,0.98
REL-07549a5366632cef5b79,DOC008,document_mentions_location,United States,DOC008,DOC008-C0008,United States.,0.98
REL-5ea576b89b039789454b,DOC008,document_mentions_location,United States,DOC008,DOC008-C0009,United States.,0.98
REL-63318f6486b027facc2d,DOC009,document_mentions_location,Canada,DOC009,DOC009-C0006,"coordination with Canada and Mexico would provide enhanced tools for federal, state , and regional regulators to address AIS.",0.98
REL-8f48e67d06ae1cc4d8d7,DOC009,document_mentions_location,Canada,DOC009,DOC009-C0010,Canada Dr.,0.98
REL-01d6a12ec495583f537c,DOC009,document_mentions_location,Great Lakes,DOC009,DOC009-C0001,Great Lakes region.,0.98
REL-107335de1829cec05203,DOC009,document_mentions_location,Great Lakes,DOC009,DOC009-C0006,"Great Lakes Fishery Commission, the Pacific States Marine Fisheries Commission, the Invasive Carp Regional Coo rdinating Committee) to coordinate invasive species management, science, policies, law enforcement, EDRR, education , an",0.98
REL-8190e87bfb7511d54e8e,DOC009,document_mentions_location,Great Lakes,DOC009,DOC009-C0008,"Great Lakes, interest has grown in ways to encourage the harvest and use of invasive species as a means of controlling or eradicating their harmful spread.",0.98
REL-47598da6c1817043833f,DOC009,document_mentions_location,Great Lakes,DOC009,DOC009-C0009,"of Fish & Wildlife Agencies Jake Dree, Yeti Marc Gaden, Great Lakes Fishery Commission Alanna Keating, BoatUS Foundation Monica McGarrity, Texas Parks and Wildlife Department Mark Menendez, Pro Angler Ish Monroe, Pro Angler Ben Mohr, Alaska conservationist Steve Moyer, Trout Unlimited S",0.98
REL-35524e75070858198786,DOC009,document_mentions_location,North America,DOC009,DOC009-C0001,North America.,0.98
REL-7d4b72cb47bfcbe26813,DOC009,document_mentions_location,United States,DOC009,DOC009-C0001,"United States, altering natural ecosystems, reducing biodiversity, harming water quality, and degrading waterways—with significant impacts on human health and recreational, commercial, and subsistence uses of waterways, fisheries, an",0.98
REL-374228c99086ef986383,DOC009,document_mentions_location,United States,DOC009,DOC009-C0002,"United States, between states and tribal lands.",0.98
REL-6a9163919967a2277025,DOC009,document_mentions_location,United States,DOC009,DOC009-C0003,"United States, numerous federal and interagency entities share respo nsibilities relating to invasive species.",0.98
REL-51f67ca6994c2e166d95,DOC009,document_mentions_location,United States,DOC009,DOC009-C0004,U.S. law and consistent international standards.,0.98
REL-fde5f236d1e4875b866c,DOC009,document_mentions_location,United States,DOC009,DOC009-C0005,U.S. Coast Guard and the U.S.,0.98
REL-5bfb3cfb338c5003754a,DOC009,document_mentions_location,United States,DOC009,DOC009-C0006,"U.S. coordination with Canada and Mexico would provide enhanced tools for federal, state , and regional regulators to address AIS.",0.98
REL-ebdac19dda28718a3b79,DOC009,document_mentions_location,United States,DOC009,DOC009-C0007,United States.,0.98
REL-fced53a009e70fa958da,DOC009,document_mentions_location,United States,DOC009,DOC009-C0010,"U.S. Senate Commerce, Science and Transportation Committee, Majority and Minority Staff U.S.",0.98
REL-8fdbe7ae4f8dee3704a5,DOC009,document_mentions_location,United States,DOC009,DOC009-C0011,"U.S. Senators Lisa Murkowski and Dan Sullivan, as well as Governor Mike Dunleavy.",0.98
REL-1bbd69bafc7c12aac923,DOC010,document_mentions_location,Great Lakes,DOC010,DOC010-C0004,Great Lakes regional projects that have implemented Stop Aquatic Hitchhikers!,0.98
REL-10d0b42ccf3b7aa5cf6b,DOC010,document_mentions_location,Great Lakes,DOC010,DOC010-C0005,"a) Some campaign efforts have developed targeted behavioral metrics which have aligned with behavior action messages (e.g., Great Lakes Sea Grant Network).",0.98
REL-b95efd1ccae809661b4e,DOC010,document_mentions_location,United States,DOC010,DOC010-C0001,United States and served to initiate discussion sessions later in the day.,0.98
REL-510068901fb24ad785a5,DOC010,document_mentions_location,United States,DOC010,DOC010-C0002,"and Clean Drain Dry are two common, nationally recognized campaigns used to target recreational boaters with an AIS prevention message within the United States.",0.98
REL-532d87d3b4f4c068343a,DOC011,document_mentions_location,Great Lakes,DOC011,DOC011-C0001,Great Lakes Aquatic Nuisance Species Information System (GLANSIS 2014): a region-specific view of,0.98
REL-b07face83f122e7974c1,DOC011,document_mentions_location,Great Lakes,DOC011,DOC011-C0002,Great Lakes Aquatic Nuisance Species Information System (GLANSIS 2014): a region-specific view of the NAS database focused on species of concern within the North American Laurentian Great Lakes region.,0.98
REL-142d23dde11561bd2292,DOC011,document_mentions_location,North America,DOC011,DOC011-C0002,North America that have been transported outside of their natural range.,0.98
REL-64fb5e522b3eb4c87d9a,DOC011,document_mentions_location,United States,DOC011,DOC011-C0001,Geological Survey’s Nonindigenous Aquatic Species Database: over thirty years of tracking introduced aquatic species in the United States (and counting) Pam Fuller 1* and Matthew E.,0.98
REL-e13696321d345fdb713e,DOC011,document_mentions_location,United States,DOC011,DOC011-C0002,"U.S. [including the lion- fishes Pterois miles (Bennett, 1828) and P.",0.98
REL-b1721de190ddd6623ed8,DOC011,document_mentions_location,United States,DOC011,DOC011-C0003,"(1999), and all data for the southeastern United States were reviewed by the states (South Carolina, Georgia, Florida, Alabama, Mississippi, Louisiana, and Texas) for an Aquatic Nuisance Species Task Force Gulf and South Atlantic Regional Panel project in 2005.",0.98
REL-c46cb5dd80e88ee03fc9,DOC011,document_mentions_location,United States,DOC011,DOC011-C0004,United States) and/or introduced ranges at the watershed (HUC8) level.,0.98
REL-3b41e2deeeb1e64826ec,DOC012,document_mentions_location,Canada,DOC012,DOC012-C0004,"Canada (Mandrak and Cudmore, 2004), our binational partner in research and management of the Great Lakes, and informs Canadian efforts toward prevention and management.",0.98
REL-967b3257e281276ed653,DOC012,document_mentions_location,Great Lakes,DOC012,DOC012-C0002,"Great Lakes (Embke and others, 2016), and the Colorado River upstream of Lake Powell (Brandenburg and others, 2019).",0.98
REL-c68f5921c0ab6c2d44a3,DOC012,document_mentions_location,Great Lakes,DOC012,DOC012-C0003,"Great Lakes from invasion by bighead, black, and silver carp.",0.98
REL-c943cd7f77eccb0bf219,DOC012,document_mentions_location,Great Lakes,DOC012,DOC012-C0004,Great Lakes and other uninvaded waters from these species and (2) reduce populations where they are present or established to minimize adverse effects.,0.98
REL-c6b1d0e223d3e1c75c16,DOC012,document_mentions_location,Great Lakes,DOC012,DOC012-C0005,"Great Lakes Basin generally focus on preventing invasion by bighead, black, and silver carp and reducing the grass carp population and are coordinated by a well-established multijurisdictional fishery management structure.",0.98
REL-5f00b9b41a0d01403ae6,DOC012,document_mentions_location,Great Lakes,DOC012,DOC012-C0007,"Great Lakes Basin; barriers to their invasion are thus highly desired and appropriate, as are efforts in early detection.",0.98
REL-b05838a3fa9c8fb57a69,DOC012,document_mentions_location,Great Lakes,DOC012,DOC012-C0013,"Great Lakes Grass Carp Advisory Committee, MICRA subbasin partnerships, and other similar groups.",0.98
REL-7a6018ebc7af74395530,DOC012,document_mentions_location,Mississippi River,DOC012,DOC012-C0002,"Mississippi River Basin (Nico and others, 2005).",0.98
REL-10189d876c7bfa9af97d,DOC012,document_mentions_location,Mississippi River,DOC012,DOC012-C0003,Mississippi River Basins and for protection of subbasins of the Mississippi River for all four invasive carp species.,0.98
REL-9b0da3663f1272436b20,DOC012,document_mentions_location,Mississippi River,DOC012,DOC012-C0004,"Mississippi River Basin Invasive Carp Control Strategy Frameworks, and the “Lake Erie Grass Carp Adaptive Response Strategy—2019–2023” [Lake Erie Committee, 2018]) and State plans (for example, Ohio Department of Natural Resources Divisi",0.98
REL-054b2bf9bbed4012bce1,DOC012,document_mentions_location,Mississippi River,DOC012,DOC012-C0005,"Mississippi River; Lower Mississippi River; Missouri River; Ohio River; Tennessee and Cumberland Rivers; and Arkansas, Red, and White Rivers), the U.S.",0.98
REL-b7b0b143acf705761bb5,DOC012,document_mentions_location,Mississippi River,DOC012,DOC012-C0008,"Mississippi River) or other important intrasystem and intersystem corridors (for example, spawning tributaries or shipping canals).",0.98
REL-e227c395984e3607934a,DOC012,document_mentions_location,Mississippi River,DOC012,DOC012-C0012,"Mississippi River where our research has been limited, and potentially 16 U.S.",0.98
REL-5612659b4e7c2322f561,DOC012,document_mentions_location,Missouri,DOC012,DOC012-C0005,"Missouri; Ohio; Tennessee and Cumberland; and Arkansas, Red, and White River subbasins); and $3 million is for research to control grass carp in the Upper Mississippi River and the Great Lakes.",0.98
REL-d05ca95aa1a502cf4e96,DOC012,document_mentions_location,Missouri,DOC012,DOC012-C0009,"Missouri, using either manual application or auto- mated feeding platforms.",0.98
REL-c118aea66bd3e8b6fd17,DOC012,document_mentions_location,Missouri River,DOC012,DOC012-C0004,"Missouri River; Ohio River; Tennessee and Cumberland Rivers; and Arkansas, Red, and White Rivers), the U.S.",0.98
REL-46942b777b5173e3eb98,DOC012,document_mentions_location,Missouri River,DOC012,DOC012-C0005,"Missouri River; Ohio River; Tennessee and Cumberland Rivers; and Arkansas, Red, and White Rivers), the U.S.",0.98
REL-94b81cf41e4aff2a3586,DOC012,document_mentions_location,Missouri River,DOC012,DOC012-C0009,"Missouri River, in backwaters of the Illinois River, and at Mallard Lake near St.",0.98
REL-d8ebdc98567901ad1e66,DOC012,document_mentions_location,North America,DOC012,DOC012-C0002,"North America has the most diverse assemblage of freshwater mussels in the world (Williams and others, 1993), but most populations are imper- iled.",0.98
REL-37f67f829ce1917e1a09,DOC012,document_mentions_location,North America,DOC012,DOC012-C0007,North America differ by species of carp and by region.,0.98
REL-69fab11cc04719a0012a,DOC012,document_mentions_location,North America,DOC012,DOC012-C0010,"North America began in the 1970s (Michewicz and others, 1972; Stanley and others, 1978), but little scientific literature existed on the biology or potential effects of wild bigheaded carp or black carp in North America until USGS ri",0.98
REL-2f8df046d2d48950db4b,DOC012,document_mentions_location,United States,DOC012,DOC012-C0002,"United States The 50 States; the District of Columbia; the territories of American Samoa, Guam, Puerto Rico, the U.S.",0.98
REL-9edbe10d5cd6dffd7cca,DOC012,document_mentions_location,United States,DOC012,DOC012-C0004,United States citizens.,0.98
REL-667761a12f3a3e2d6560,DOC012,document_mentions_location,United States,DOC012,DOC012-C0005,"United States, and this variation must be con- sidered as part of the overall USGS approach.",0.98
REL-42ceabb391a3458219fd,DOC012,document_mentions_location,United States,DOC012,DOC012-C0010,"United States, they were already among the most studied freshwater species because of their importance in aquaculture.",0.98
REL-83be78bdfb22f086b340,DOC012,document_mentions_location,United States,DOC012,DOC012-C0012,"Geological Survey Invasive Carp Strategic Framework, 2023–27 elsewhere in the United States if congressional funding mandates permit (for example, the Colorado River, Hudson River, or Mobile River).",0.98
REL-2a2ebea5a69e75000e71,DOC012,document_mentions_location,United States,DOC012,DOC012-C0013,"U.S. Government’s independent biology science agency, the USGS must be at the forefront of science that identifies the effects of carp invasion and potential mitigation strategies.",0.98
REL-7a983443d092d7dfc2bb,DOC013,document_mentions_location,Canada,DOC013,DOC013-C0007,Canada and Mexico.,0.98
REL-d191784604469cc3798f,DOC013,document_mentions_location,Canada,DOC013,DOC013-C0039,Overgrazing by snow geese and resident Canada geese •,0.98
REL-e6904607aae8168602c3,DOC013,document_mentions_location,Canada,DOC013,DOC013-C0040,Canada Geese is putting a strain on the District’s wet- land habitats.,0.98
REL-4586d9fe5fed16bf35ed,DOC013,document_mentions_location,Canada,DOC013,DOC013-C0051,"Canada geese are doing well, while bobwhite are not.",0.98
REL-09f844eaa1b3b357db80,DOC013,document_mentions_location,Canada,DOC013,DOC013-C0062,Canada Lynx/Jennifer Vashon Eastern Box Turtle/Phillip deMaynadier 110 111 112 Maine Wildlife Action Plan targets species in greatest need of conser- vation while keeping “common species common.” The plan covers the entire sta,0.98
REL-58478ce03dd07a3feecb,DOC013,document_mentions_location,Canada,DOC013,DOC013-C0063,"Canada warbler, Eastern box turtle, American burying beetle, Early hairstreak •",0.98
REL-5cbe5f74001df74867b8,DOC013,document_mentions_location,Canada,DOC013,DOC013-C0135,"Encourage regeneration or reestablishment of eastern hemlock, other conifers, yellow birch, and Canada yew where appropriate.",0.98
REL-948fdbf452a74705096e,DOC013,document_mentions_location,Great Lakes,DOC013,DOC013-C0012,Great Lakes Region Michigan’s wildlife action plan identifi es preventing and controlling invasive species as a high priority.,0.98
REL-7ac1b051509c48e582a7,DOC013,document_mentions_location,Great Lakes,DOC013,DOC013-C0013,Great Lakes Region Michigan’s wildlife action plan identifi es preventing and controlling invasive species as a high priority.,0.98
REL-142f431cf9cd6427ace6,DOC013,document_mentions_location,Great Lakes,DOC013,DOC013-C0051,Great Lakes.,0.98
REL-aa02ef657774cc300b3f,DOC013,document_mentions_location,Great Lakes,DOC013,DOC013-C0068,"Great Lakes to 11,000 inland lakes and 36,000 miles of rivers and streams, and more freshwater shorelines than any other state in the nation.",0.98
REL-44bb8ae62e2f52354b02,DOC013,document_mentions_location,Great Lakes,DOC013,DOC013-C0069,"Great Lakes region alone hosts more than 200, including plants like purple loosestrife and autumn olive, and animals such as the gypsy moth and zebra mussel.",0.98
REL-c5dce79d5b830c90a807,DOC013,document_mentions_location,Great Lakes,DOC013,DOC013-C0091,"Great Lakes to the Atlantic Ocean, and the heights of the Adirondack Mountains to the depths of the un- derwater Hudson Canyon.",0.98
REL-7a1e4d35dfea1c7fd214,DOC013,document_mentions_location,Great Lakes,DOC013,DOC013-C0135,"Great Lakes Indian Fish and Wildlife Commission, WE Energies, the U.S.",0.98
REL-181cf1ad77a8cde66911,DOC013,document_mentions_location,Mississippi River,DOC013,DOC013-C0018,"Mississippi River and home to at least six animals recently discovered by science, such as the Tumbling Creek Cavesnail—the only known location in the world for this endangered species.",0.98
REL-80265b7f662cffa1a259,DOC013,document_mentions_location,Mississippi River,DOC013,DOC013-C0028,"Mississippi River delta, and deep, rich hollows in the Boston and Ozark mountains.",0.98
REL-97a40b24b58baf31dd7e,DOC013,document_mentions_location,Mississippi River,DOC013,DOC013-C0029,"Mississippi River Bottomland habitat/AGFC 45 Highlight habitats Wildlife (examples) Issue (examples) Action (examples) Natural, large pools of water Lake sturgeon •",0.98
REL-7d88cab896869cd281a5,DOC013,document_mentions_location,Mississippi River,DOC013,DOC013-C0051,Mississippi River system.,0.98
REL-f374001530f86d9455c4,DOC013,document_mentions_location,Mississippi River,DOC013,DOC013-C0068,Mississippi River.,0.98
REL-d72eae0433e2ed323ef7,DOC013,document_mentions_location,Mississippi River,DOC013,DOC013-C0074,"Mississippi River, shape the state and infl uence our land- scape and wildlife.",0.98
REL-e31554377c42df43dcca,DOC013,document_mentions_location,Mississippi River,DOC013,DOC013-C0116,Mississippi River to the spring and sub- terranean habitats of the Middle Tennes- see barrens and Cumberland Plateau to the cold mountain streams of the Appa- lachian Mountains.,0.98
REL-cd504b1b29bf09ad1c7d,DOC013,document_mentions_location,Mississippi River,DOC013,DOC013-C0118,Mississippi River Barking Treefrog Mississippi kite •,0.98
REL-5633384aa7e1dd1774bb,DOC013,document_mentions_location,Mississippi River,DOC013,DOC013-C0131,Mississippi River.,0.98
REL-e629650320e0fb26e4d0,DOC013,document_mentions_location,Missouri,DOC013,DOC013-C0017,Missouri’s Waters Missouri’s wildlife action plan identifi es Tumbling Creek Cave Ecosystem as one of its Conservation Opportunity Areas —landscapes where conservation actions will result in healthy habitats.,0.98
REL-626a6685ee259a3febb1,DOC013,document_mentions_location,Missouri,DOC013,DOC013-C0018,Missouri’s Waters Missouri’s wildlife action plan identifi es Tumbling Creek Cave Ecosystem as one of its Conservation Opportunity Areas —landscapes where conservation actions will result in healthy habitats.,0.98
REL-7a8d1682dab258dace04,DOC013,document_mentions_location,Missouri,DOC013,DOC013-C0074,"Missouri snapshot Few other states are as enriched as Mis- souri by the intersection of plants and animals represent- ing the vast prairies of the Great Plains, southwest deserts, southern swampy coastal plains, northern boreal",0.98
REL-c94d6ab6d6cd6d35c3af,DOC013,document_mentions_location,Missouri,DOC013,DOC013-C0075,Missouri is used for crop agriculture and cattle graz- ing.,0.98
REL-6caa30761c5f48744400,DOC013,document_mentions_location,Missouri,DOC013,DOC013-C0076,Missouri 141 Highlight habitats Wildlife Issues Actions Prairie: Golden Grasslands Conservation Opportunity Area Ownership: Mix of public/private •,0.98
REL-c19b9c5d4cc4c0a0dd51,DOC013,document_mentions_location,Missouri River,DOC013,DOC013-C0080,"Missouri River Pallid surgeon, Piping plover, Higgins eye (mussel) Channel cutting due to lack of sediment Restore river meandering where possible.",0.98
REL-93e452883faacbc56161,DOC013,document_mentions_location,Missouri River,DOC013,DOC013-C0114,"Missouri River where a person can experience the wide and meandering “Big Muddy,” as well as some of its unique wildlife, in- cluding paddlefi sh, pallid sturgeon, least terns, piping plovers, and bald eagles.",0.98
REL-a43ab96c3486e09c3f35,DOC013,document_mentions_location,Missouri River,DOC013,DOC013-C0115,"Missouri River dams changed it from a diverse, meandering river to a series of reservoirs, jeopardizing the future of such species as the pallid sturgeon, piping plover, and interior least tern.",0.98
REL-fbc76e0ac71461d19db4,DOC013,document_mentions_location,North America,DOC013,DOC013-C0007,North America.,0.98
REL-785f011f0de8a0334132,DOC013,document_mentions_location,North America,DOC013,DOC013-C0037,North America.,0.98
REL-5c76f2e779b5a94d3cc3,DOC013,document_mentions_location,North America,DOC013,DOC013-C0038,North America.,0.98
REL-c947828dee45ff03bc7d,DOC013,document_mentions_location,North America,DOC013,DOC013-C0059,"North America can be found at Miller’s Lake, which housed some 52,000 nesting pairs of egrets, herons, night her- ons, and other species in 2004.",0.98
REL-14ecf57ec7d9e2334d6f,DOC013,document_mentions_location,North America,DOC013,DOC013-C0060,"North America can be found at Miller’s Lake, which housed some 52,000 nesting pairs of egrets, herons, night her- ons, and other species in 2004.",0.98
REL-6a0cb0acdbed3085db7c,DOC013,document_mentions_location,North America,DOC013,DOC013-C0070,"www.fi shwildlife.org USFWS Michigan Wildlife Action Plan 129 Minnesota snapshot Geography: Minnesota lies at the center of North America where three major biomes meet: the prairie, the boreal forest and the eastern decidu- ous forest.",0.98
REL-149939e065eb5412033d,DOC013,document_mentions_location,North America,DOC013,DOC013-C0114,North America.,0.98
REL-f3970a608d4ffc15ef5a,DOC013,document_mentions_location,North America,DOC013,DOC013-C0116,North America.,0.98
REL-df1d6bb5964b8aed66a1,DOC013,document_mentions_location,North America,DOC013,DOC013-C0131,North America.,0.98
REL-ed90bf3733a21e52a915,DOC013,document_mentions_location,United States,DOC013,DOC013-C0002,"U.S., amphibian declines are particularly serious in California, the Rocky Mountains, the Southwest and Puerto Rico.",0.98
REL-64e736d9074b8d06347d,DOC013,document_mentions_location,United States,DOC013,DOC013-C0004,United States is a partnership between the states and the federal government.,0.98
REL-963251831ce1a7c263c2,DOC013,document_mentions_location,United States,DOC013,DOC013-C0005,United States to conserve wildlife diversity.,0.98
REL-5059b72fa9155ef93d87,DOC013,document_mentions_location,United States,DOC013,DOC013-C0007,United States.,0.98
REL-75ec6d833477bdfe0b51,DOC013,document_mentions_location,United States,DOC013,DOC013-C0008,US Shorebird Conservation Plan •,0.98
REL-aa610e7f0baa0eeaa6e2,DOC013,document_mentions_location,United States,DOC013,DOC013-C0010,US Forest Service Ecological Units as modifi ed in 1998 by The Nature Conservancy for larger scale planning eff orts.,0.98
REL-457b7a8b801463272317,DOC013,document_mentions_location,United States,DOC013,DOC013-C0013,"US Forest Service, local land trusts, and The Nature Conservancy, the state will conserve and restore these high priority tracts, conserving habitat for hundreds of important wildlife species.",0.98
REL-bc0251e72ee75c3432c0,DOC013,document_mentions_location,United States,DOC013,DOC013-C0014,U.S. mammals to be impacted by global warming.,0.98
REL-9e1b25e67ebf1425964f,DOC013,document_mentions_location,United States,DOC013,DOC013-C0018,"U.S. Forest Service, Bureau of Land Management, National Park Service and U.S.",0.98
REL-bcc32b8f0d872f688d08,DOC013,document_mentions_location,United States,DOC013,DOC013-C0019,U.S. and winter south of the border.,0.98
REL-ad41bab4a13557de332e,DOC013,document_mentions_location,United States,DOC013,DOC013-C0021,"Fish and Wildlife Service, U.S. Forest Service, U.S.",0.98
REL-c1efce1354c1a2ca6b2c,DOC013,document_mentions_location,United States,DOC013,DOC013-C0022,"United States’ coast and, with over 3 mil- lion lakes and exten- sive wetlands, nearly half the nation’s surface waters.",0.98
REL-27bc58c11e1a5f9da32e,DOC013,document_mentions_location,United States,DOC013,DOC013-C0029,Reduce capture of birds outside of the US for the pet trade •,0.98
REL-d86cbdd25a676ef79463,DOC013,document_mentions_location,United States,DOC013,DOC013-C0037,"Fish and Wildlife Service, U.S. Forest Service, Natural Resources Conservation Service, U.S.",0.98
REL-8dfd06c5353d619c0f24,DOC013,document_mentions_location,United States,DOC013,DOC013-C0045,"US Highway 278 SE Social Circle, GA 30025 Tel: 770.761.3035 jon_ambrose@dnr.state.ga.us www.gadnr.org/cwcs/ Assn.",0.98
REL-e67f060ebc80cabb85f3,DOC013,document_mentions_location,United States,DOC013,DOC013-C0046,"United States, possessing one-third of the species federally listed as endangered.",0.98
REL-9361947f82f3439575b2,DOC013,document_mentions_location,United States,DOC013,DOC013-C0052,"–Element One, as set forth in the guide by the U.S. Fish & Wildlife Service’s National Acceptance Advisory Team 89 Indiana snapshot Landscape: Indiana stretches from the sandy dunes of Lake Michigan to steep wooded ravines and bluffs along the Ohio River.",0.98
REL-55b2c8a69b538bad50ac,DOC013,document_mentions_location,United States,DOC013,DOC013-C0072,"U.S. Forest Serv- ice holds the largest percentage of public land, and, together with federal wildlife refuges and state wildlife management areas, these lands serve as important habitat for many of the endangered spe- cies",0.98
REL-9559629207c218681985,DOC013,document_mentions_location,United States,DOC013,DOC013-C0080,"US Forest Service “In today’s ever changing society, it’s more important than ever that we have a plan for the future.",0.98
REL-cf12a5e3830a4615642c,DOC013,document_mentions_location,United States,DOC013,DOC013-C0085,U.S. migratory population of songbirds and raptors.,0.98
REL-61b912b62be4937b9c2c,DOC013,document_mentions_location,United States,DOC013,DOC013-C0098,"U.S. Congress, we have styled this strategy also to serve our local conservation needs.",0.98
REL-e327320f2c837f4fa4ab,DOC013,document_mentions_location,United States,DOC013,DOC013-C0099,"U.S. Congress, we have styled this strategy also to serve our local conservation needs.",0.98
REL-3a73a1ef9060b5b20fcd,DOC013,document_mentions_location,United States,DOC013,DOC013-C0102,"U.S. Forest Service, National Wild Turkey Federation, Ohio Audubon, and the U.S Fish and Wildlife Service.",0.98
REL-c35f983bb1ac805cfd5d,DOC013,document_mentions_location,United States,DOC013,DOC013-C0113,"While, abundant along the southeastern and Gulf coasts of the U.S., Cannonball jellyfi sh are susceptible to harmful algal blooms; oil spills and nonpoint source pollution.",0.98
REL-fbe9afc222dbf7e8d5e7,DOC013,document_mentions_location,United States,DOC013,DOC013-C0118,United States.,0.98
REL-9557dbe4490f64d2691c,DOC013,document_mentions_location,United States,DOC013,DOC013-C0119,United States.,0.98
REL-2693284050445e0be003,DOC013,document_mentions_location,United States,DOC013,DOC013-C0127,United States.,0.98
REL-0693c4fea61ad5afb2b6,DOC013,document_mentions_location,United States,DOC013,DOC013-C0131,"U.S. Fish and Wildlife Serv- ice, the USDA Forest Service, and Indian Tribes with signifi cant land holdings.",0.98
REL-c4c5b84ca82bc540c45c,DOC013,document_mentions_location,United States,DOC013,DOC013-C0135,"U.S. Forest Service, the Ruffed Grouse Society, Trout Unlimited, and the Milwaukee Public Museum.",0.98
REL-7abef4d5a83de707caf4,DOC014,document_mentions_location,Canada,DOC014,DOC014-C0001,"Canada are the traditional, treaty and unceded territories of First Nations, Inuit and the Métis Nation.",0.98
REL-21badbbdb698f5f1006b,DOC014,document_mentions_location,Canada,DOC014,DOC014-C0002,Canada (1986–2025) U.S.,0.98
REL-2f6764ec69f6864d06fb,DOC014,document_mentions_location,Canada,DOC014,DOC014-C0003,"In eastern Canada and British Columbia, researchers are finding new ways to monitor elusive waterfowl.",0.98
REL-242abefec0e3e0613f9f,DOC014,document_mentions_location,Canada,DOC014,DOC014-C0004,Canada.,0.98
REL-bdbffb170d5173efa33a,DOC014,document_mentions_location,Canada,DOC014,DOC014-C0005,Canada (D U C) is work- ing with landowners across Atlantic Canada through its Small Marsh Restoration Program.,0.98
REL-4161c188572d8e1c08de,DOC014,document_mentions_location,Canada,DOC014,DOC014-C0006,Canada The Long Point Phragmites Action Alliance illustrates the power of working together to both deliver results on the ground and raise the funds needed to support the work.,0.98
REL-8681cac96962252b59ae,DOC014,document_mentions_location,Canada,DOC014,DOC014-C0007,Canada.,0.98
REL-a5bde1184621a7b6c852,DOC014,document_mentions_location,Canada,DOC014,DOC014-C0008,"Canada’s Species at Risk Act, such as Barn Owl, Barn Swallow, Horned Grebe, Peregrine Falcon, Short-Eared Owl, Pacific Water Shrew, Western Bumble Bee and Western Painted Turtle.",0.98
REL-96945fa23be0a9868eea,DOC014,document_mentions_location,Canada,DOC014,DOC014-C0009,Canada Funding constraints limited the scope of the project.,0.98
REL-02b7f1d6ec3f59480f48,DOC014,document_mentions_location,Canada,DOC014,DOC014-C0010,"Canada Canadian Intermountain Joint Venture www.cijv.ca With an area of 123.5 million acres (50 million hectares), the Canadian Intermountain Joint Venture (C I J V) covers portions of British Columbia (B.C.) and Alberta.",0.98
REL-5f0bbad6ddd177d57b8c,DOC014,document_mentions_location,Canada,DOC014,DOC014-C0011,Canada Geese in Lower Wolf Creek.,0.98
REL-c57ffd1b1e1ee456fbfb,DOC014,document_mentions_location,Canada,DOC014,DOC014-C0012,Canada partnered with D U C and Environment and Climate Change Canada on a multi-year project to measure the effect of conservation efforts on bird diversity and abundance in B.C.’s Cariboo–Chilcotin Coast region.,0.98
REL-83a3a8d604063ea41549,DOC014,document_mentions_location,Canada,DOC014,DOC014-C0013,Canada provide habitat for most North American duck species.,0.98
REL-d91909baf79e57fbf43b,DOC014,document_mentions_location,Canada,DOC014,DOC014-C0014,Canada Municipalities working with wetlands Alberta municipalities play an important role in maintaining wetland ecosystem services.,0.98
REL-c1a0f8a8a50f59f85084,DOC014,document_mentions_location,Canada,DOC014,DOC014-C0015,"Canada Western Boreal Forest An award-winning collaboration About 85% of the nation’s critical wetlands are in the Western Boreal Forest (W B F), and roughly 40% of North America’s waterfowl breed here.",0.98
REL-a644c713a3fa1739730f,DOC014,document_mentions_location,Canada,DOC014,DOC014-C0016,Canada and the United States.,0.98
REL-375ed1fa032f20b3ed52,DOC014,document_mentions_location,Canada,DOC014,DOC014-C0017,"Canada Geese on intertidal grazing lawn on Akimiski Island, Nunavut.",0.98
REL-0fa7bce1b1ab537be390,DOC014,document_mentions_location,Canada,DOC014,DOC014-C0018,Canada to meet rising concerns about light goose overpopulation and the resulting impacts on arctic ecosystems.,0.98
REL-6416bf33549e833fe130,DOC014,document_mentions_location,Canada,DOC014,DOC014-C0019,Canada to Virginia and from Ontario to Tennessee.,0.98
REL-ff2fc95e017ae5cc1b3e,DOC014,document_mentions_location,Canada,DOC014,DOC014-C0020,Canada First Research Excellence Fund Canadian National Railway Capital Regional District (B.C.) Cenovus Energy Inc.,0.98
REL-c7fff1f5485ef36d8e0a,DOC014,document_mentions_location,Canada,DOC014,DOC014-C0021,"Canada Limited Ministère de l’Environnement, de la Lutte contre les changements climatiques, de la Fau ne et des Parcs Moncton (City of) Mount Allison University Nanaimo (Regional District of) National Research Council Canada",0.98
REL-39b90dd4500ddfdc4321,DOC014,document_mentions_location,North America,DOC014,DOC014-C0001,"North America, working at international, national and regional levels on a variety of waterfowl, habitat management and people issues.",0.98
REL-581a8ab3d66107d9bae6,DOC014,document_mentions_location,North America,DOC014,DOC014-C0003,"North America’s waterfowl breed in Canada, while nine out of ten hunters are located in the United States.",0.98
REL-ff5e33539f1a5b5846e8,DOC014,document_mentions_location,North America,DOC014,DOC014-C0004,"North America’s waterfowl breed in Canada, while nine out of ten hunters are located in the United States.",0.98
REL-e6947d67c614ecdf9421,DOC014,document_mentions_location,North America,DOC014,DOC014-C0013,North America.,0.98
REL-e8b9962e89432c0a4ec8,DOC014,document_mentions_location,North America,DOC014,DOC014-C0014,North America.,0.98
REL-82d1341bf41893c2ff73,DOC014,document_mentions_location,North America,DOC014,DOC014-C0015,North America’s waterfowl breed here.,0.98
REL-90c8a5627eb4e2660848,DOC014,document_mentions_location,North America,DOC014,DOC014-C0016,North America and including circumpolar countries.,0.98
REL-4442b55e0206b9dbd489,DOC014,document_mentions_location,North America,DOC014,DOC014-C0017,pcoa.ca www.ganso delartico.com The Arctic Goose Joint Venture (A G J V) covers 924 million acres (374 mil- lion hectares) spanning North America and circumpolar countries on other continents.,0.98
REL-cf6f39ebc29d637f62be,DOC014,document_mentions_location,North America,DOC014,DOC014-C0018,"North America’s flyways and are essential to maintaining stable populations of geese, and other migratory bi rds, for sustainable arctic ecosystems.",0.98
REL-9af55ebd2c45d6d64da1,DOC014,document_mentions_location,United States,DOC014,DOC014-C0001,"U.S. governments signed this partnership agreement, laying the foundation for international co-operation in the recovery of declining waterfowl popu- lations.",0.98
REL-9cace8271e85d1b22d19,DOC014,document_mentions_location,United States,DOC014,DOC014-C0002,U.S. federal $889 M U.S.,0.98
REL-1715bc8181f3d3a72319,DOC014,document_mentions_location,United States,DOC014,DOC014-C0003,United States.,0.98
REL-abbfc2cfc83bf8842c97,DOC014,document_mentions_location,United States,DOC014,DOC014-C0004,United States.,0.98
REL-45e2560d31a322a09302,DOC014,document_mentions_location,United States,DOC014,DOC014-C0013,U.S. partners exemplify the “whole of society” approach to conservation.,0.98
REL-68469a06a4f4dd001cbc,DOC014,document_mentions_location,United States,DOC014,DOC014-C0014,"U.S. state duck stamp partners, and landowners like the Honkerville group are securing resilient wetlands and grasslands that benefit waterfowl, wildlife and watersheds.",0.98
REL-6c985cfa47f79d410f78,DOC014,document_mentions_location,United States,DOC014,DOC014-C0016,United States.,0.98
REL-e6d26b13d6dd17b8cd22,DOC014,document_mentions_location,United States,DOC014,DOC014-C0018,United States and Canada to meet rising concerns about light goose overpopulation and the resulting impacts on arctic ecosystems.,0.98
REL-a99478190a9ed73cdf88,DOC014,document_mentions_location,United States,DOC014,DOC014-C0020,U.S. agencies Alabama Department of Conservation and Natural Resources Alaska Department of Fish and Game American Friends of Canadian Nature Ariz ona Game and Fish Department Arkansas Game and Fish Commission Atlantic Flywa,0.98
REL-d13ece0a0db230e49dd6,DOC014,document_mentions_location,United States,DOC014,DOC014-C0021,U.S. agencies Alabama Department of Conservation and Natural Resources Alaska Department of Fish and Game American Friends of Canadian Nature Ariz ona Game and Fish Department Arkansas Game and Fish Commission Atlantic Flywa,0.98
REL-ea4192c036127ddf7a80,DOC015,document_mentions_location,Mississippi River,DOC015,DOC015-C0005,Mississippi River valley previously had several million acres of bottomland hardwood timber.,0.98
REL-4a397c4bbeaa2054277e,DOC015,document_mentions_location,Missouri,DOC015,DOC015-C0001,"MISSOURI STATE REPORT May 6, 2025 Jason Sumners, Director Missouri Department of Conservation 2901 West Truman Blvd.",0.98
REL-34093499e76c9b22f306,DOC015,document_mentions_location,Missouri,DOC015,DOC015-C0002,Missouri Ozarks.,0.98
REL-0b4da4b5409fbe18ef22,DOC015,document_mentions_location,Missouri,DOC015,DOC015-C0003,Missouri.,0.98
REL-70f6b70847931b9da3ab,DOC015,document_mentions_location,Missouri,DOC015,DOC015-C0004,"Missouri Recreational Access Program, collected input from attendees of the regional Wetlands Summit hosted by the Conservation Federation of Missouri and MDC, conducted a survey and a series of focus groups with landowners in C",0.98
REL-9e99dc02c6383ad4da0e,DOC015,document_mentions_location,Missouri,DOC015,DOC015-C0005,"Missouri’s spring turkey regulations were simplified in 2024, resulting in an increase in permit sales.",0.98
REL-77a6173cc8280c2638fd,DOC015,document_mentions_location,Missouri River,DOC015,DOC015-C0002,"Missouri River Basin Invasive Carp Technical Committee, Scenic Rivers Invasive Species Partnership, Missouri Invasive Plant Council, and Missouri Invasive Forest Pest Council.",0.98
REL-b213c82b661d9001f2a3,DOC015,document_mentions_location,Missouri River,DOC015,DOC015-C0003,Missouri River in January of 2024.,0.98
REL-afa7af5e797e61fb9354,DOC015,document_mentions_location,Missouri River,DOC015,DOC015-C0004,Missouri River in January of 2024.,0.98
REL-9a394a7bdf72cfa17a68,DOC015,document_mentions_location,United States,DOC015,DOC015-C0001,U.S. Forest Service’s Mark Twain National Forest as part of a pilot effort to achieve holistic ecosystem restoration of Missouri’s shortleaf pine woodlands.,0.98
REL-cdf0a329bbcbbede7eff,DOC015,document_mentions_location,United States,DOC015,DOC015-C0002,U.S. Forest Service’s Mark Twain National Forest as part of a pilot effort to achieve holistic ecosystem restoration of Missouri’s shortleaf pine woodlands.,0.98
REL-6a18649a550a32768f84,DOC016,document_mentions_location,Mississippi River,DOC016,DOC016-C0003,"Mississippi River Method: Pole and line Previous state record: 80 lbs., Lake of the Ozarks, Oct.",0.98
REL-0fb3785905996771d2fd,DOC016,document_mentions_location,Mississippi River,DOC016,DOC016-C0006,"Mississippi River Basin Panel, and others, to promote awareness and implementation of effective management and conservation efforts that protect healthy land, water, and forests on public and private lands in Missouri.",0.98
REL-f7e06bebbcf998ced710,DOC016,document_mentions_location,Mississippi River,DOC016,DOC016-C0011,Mississippi River.,0.98
REL-f767e3577195447dc236,DOC016,document_mentions_location,Missouri,DOC016,DOC016-C0001,"Missouri Conservationist: January 2025 Stay In Touch Stay in Touch with MDC news, newsletters, events, and manage your subscription Link Sign Up View the Digital Magazine Download Issue 5.80 MB More Issues Media Image Title Annu",0.98
REL-ec528a610f48686449d5,DOC016,document_mentions_location,Missouri,DOC016,DOC016-C0002,"Fish and Wildlife Service, the formation of a statewide Missouri Stream Connectivity Partnership (MO SCP) to address removing aquatic organism passage barriers in streams.",0.98
REL-bafa8031942e60c8ccd1,DOC016,document_mentions_location,Missouri,DOC016,DOC016-C0003,Missouri is blessed with many lakes and streams that provide world-class angling opportunities.,0.98
REL-24a370d08b8da3ac2792,DOC016,document_mentions_location,Missouri,DOC016,DOC016-C0004,Missouri’s citizens.,0.98
REL-4f211065f0d5bc75d14b,DOC016,document_mentions_location,Missouri,DOC016,DOC016-C0005,"Missouri was experiencing effects of drought conditions, which continued through May.",0.98
REL-941fae061b52771e9fa9,DOC016,document_mentions_location,Missouri,DOC016,DOC016-C0006,"Missouri now has 11 priority geographies, adding the Golden Grasslands during FY24.",0.98
REL-fdb1d2306edd7190d36f,DOC016,document_mentions_location,Missouri,DOC016,DOC016-C0007,"Fish and Wildlife Service and Kansas Department of Wildlife and Parks, conducted an invasive carp removal on the lower Grand River in northwest Missouri.",0.98
REL-75f65d4837f4f8be72a1,DOC016,document_mentions_location,Missouri,DOC016,DOC016-C0008,"Missouri, MDC’s CWD Surveillance and Management Plan was revised in 2022.",0.98
REL-afd7cddcb772ba68b4bc,DOC016,document_mentions_location,Missouri,DOC016,DOC016-C0009,"Missouri Botanical Garden, and several other community-based organizations.",0.98
REL-b4ce0050239e3ec9452b,DOC016,document_mentions_location,Missouri,DOC016,DOC016-C0010,Missouri trails.,0.98
REL-0a3c136c922e6e07e522,DOC016,document_mentions_location,Missouri,DOC016,DOC016-C0011,"Missouri Stream Team, the Master Naturalist Program, and the Missouri Forestkeepers Network.",0.98
REL-e5dd1fbf546ba2638981,DOC016,document_mentions_location,Missouri,DOC016,DOC016-C0012,Missouri forests in the past year.,0.98
REL-cfc31ad4164e48ec494e,DOC016,document_mentions_location,Missouri,DOC016,DOC016-C0013,Missouri’s forests continue to grow and stay healthy.,0.98
REL-a5bc6b18df2b4d2cc01b,DOC016,document_mentions_location,Missouri River,DOC016,DOC016-C0003,(Ties current state record) Caught from: Missouri River Method: Pole and line Previous record: There is now a three-way tie with a 2019 catch from the Osage River and a 2017 fish from the Missouri River.,0.98
REL-0280dd4cfb38f1e0c869,DOC016,document_mentions_location,Missouri River,DOC016,DOC016-C0005,"Missouri River Hills, located north of the Missouri River between Jefferson City and St.",0.98
REL-7ddcd2bc214e1b47867c,DOC016,document_mentions_location,Missouri River,DOC016,DOC016-C0006,"Missouri River Hills, located north of the Missouri River between Jefferson City and St.",0.98
REL-a5996d2225b24b5210eb,DOC016,document_mentions_location,Missouri River,DOC016,DOC016-C0007,Missouri River tributaries.,0.98
REL-6faaebd9558d52b8b96d,DOC016,document_mentions_location,United States,DOC016,DOC016-C0001,"United States Forest Service, National Parks Service, United",0.98
REL-70dcaf94bd3c30bc9a54,DOC016,document_mentions_location,United States,DOC016,DOC016-C0002,"United States Forest Service, National Parks Service, United States Geological Survey, Missouri Conservation Heritage Foundation, Fort Leonard Wood, H2Ozarks, and Midwest Waters Initiative.",0.98
REL-87ab2e4fd9873eb4ac29,DOC016,document_mentions_location,United States,DOC016,DOC016-C0004,U.S. Forest Service (USFS) to provide grant funding and services for interested landowners.,0.98
REL-4d21f4b95b8fa5044143,DOC017,document_mentions_location,Mississippi River,DOC017,DOC017-C0004,"Mississippi River Basin Panel, and others — across the state and regions to promote awareness and implement effective management and conservation efforts that protect healthy land, water, and",0.98
REL-4acb41858550bbe79e80,DOC017,document_mentions_location,Mississippi River,DOC017,DOC017-C0005,"Mississippi River Basin Panel, and others — across the state and regions to promote awareness and implement effective management and conservation efforts that protect healthy land, water, and forests on public and private lands in Missou",0.98
REL-eb8607a7e4626466b36e,DOC017,document_mentions_location,Missouri,DOC017,DOC017-C0001,"Missouri Conservationist: January 2024 Stay In Touch Stay in Touch with MDC news, newsletters, events, and manage your subscription Link Sign Up View the Digital Magazine Download Issue 5.87 MB More Issues Media Image Title Annu",0.98
REL-091b3d748b9628b82d41,DOC017,document_mentions_location,Missouri,DOC017,DOC017-C0002,Missouri is blessed with many lakes and streams that are managed to provide world-class angling opportunities.,0.98
REL-7665b911f64b51074047,DOC017,document_mentions_location,Missouri,DOC017,DOC017-C0003,Missouri’s landscape.,0.98
REL-26ff3c87731d967e106e,DOC017,document_mentions_location,Missouri,DOC017,DOC017-C0004,Missouri.,0.98
REL-4ecc4e89c6b2cd0cbf87,DOC017,document_mentions_location,Missouri,DOC017,DOC017-C0005,"Missouri Invasive Plant Council, Missouri Invasive Forest Pest Council, Invasive Species Strike Teams, Scenic Rivers Invasive Species Partnership, Mississippi River Basin Panel, and others — across the state and regions to promo",0.98
REL-704570f0255d06d267ee,DOC017,document_mentions_location,Missouri,DOC017,DOC017-C0006,Missouri.,0.98
REL-6bfee9efdb65004e8c51,DOC017,document_mentions_location,Missouri,DOC017,DOC017-C0007,"Missouri Chapter of the American Academy of Pediatrics and the Missouri Child Psychiatry Access Project, MDC hosted the first One Health seminar at The Anita B.",0.98
REL-ba150c5d3dd879eb1598,DOC017,document_mentions_location,Missouri,DOC017,DOC017-C0008,Missouri Stream Team program creates an opportunity for students to practice science close to home.,0.98
REL-ca994710298a8acde4a7,DOC017,document_mentions_location,Missouri,DOC017,DOC017-C0009,Missouri.,0.98
REL-634950955afd5088574e,DOC017,document_mentions_location,Missouri,DOC017,DOC017-C0010,Missouri Ozarks.,0.98
REL-b2a7533897e1543dff2f,DOC017,document_mentions_location,Missouri River,DOC017,DOC017-C0002,"Missouri River, April 12, 1997 Brown bullhead Angler: Mitchell L.",0.98
REL-fb80b267c1779fe9073d,DOC017,document_mentions_location,United States,DOC017,DOC017-C0004,U.S. Forest Service (USFS) Region 8 to develop CHIs for oak ecosystems on USFS lands in its eastern region.,0.98
REL-5754f4ce5d704f772717,DOC017,document_mentions_location,United States,DOC017,DOC017-C0007,U.S. have begun focusing on ways to ensure that conservation and the outdoors are relevant to all citizens.,0.98
REL-657b7a2dba16fc000aaf,DOC018,document_mentions_location,Missouri,DOC018,DOC018-C0001,"Missouri Conservationist: January 2023 Stay In Touch Stay in Touch with MDC news, newsletters, events, and manage your subscription Link Sign Up View the Digital Magazine Download Issue 6.67 MB More Issues Media Image Title Annu",0.98
REL-10e432f13af5c0a3b4d0,DOC018,document_mentions_location,Missouri,DOC018,DOC018-C0002,Missouri CCS was approved in February 2022.,0.98
REL-a5a8f9cd7265dfb902bd,DOC018,document_mentions_location,Missouri,DOC018,DOC018-C0003,Missouri Conservationist in 2022.,0.98
REL-a6fe08ef624662eead85,DOC018,document_mentions_location,Missouri,DOC018,DOC018-C0004,Missouri Smallmouth Alliance to offer this program based on the wildly popular Blue-Ribbon Trout Slam.,0.98
REL-a9c6c48aed81a52e8993,DOC018,document_mentions_location,Missouri,DOC018,DOC018-C0005,Missouri.,0.98
REL-908b96ff9e0000570243,DOC018,document_mentions_location,Missouri,DOC018,DOC018-C0006,Missouri Forestkeepers Network Celebrate 25 Years The Missouri Forestkeepers Network celebrated its 25th anniversary in FY22.,0.98
REL-9b833c8713d29bdf75b0,DOC018,document_mentions_location,Missouri,DOC018,DOC018-C0007,Missouri to conduct community forestry projects.,0.98
REL-3bc5c91bdeaccf8eb3ac,DOC018,document_mentions_location,Missouri,DOC018,DOC018-C0008,Missouri.,0.98
REL-e50a31ffab67c11dcbe2,DOC018,document_mentions_location,United States,DOC018,DOC018-C0001,Fish and Wildlife Service and U.S. Forest Service.,0.98
REL-ac82c2752c28a3319f42,DOC018,document_mentions_location,United States,DOC018,DOC018-C0004,"U.S. Forest Service, U.S.",0.98
REL-4728ab65fadfd022b8bc,DOC018,document_mentions_location,United States,DOC018,DOC018-C0005,"U.S. Forest Service, U.S.",0.98
REL-845100f7c26c10566e59,DOC019,document_mentions_location,Missouri,DOC019,DOC019-C0001,"Missouri's fish, forests, and wildlife.",0.98
REL-47c588265f13146b85ae,DOC020,document_mentions_location,Missouri,DOC020,DOC020-C0006,* Appropriations based on bills passed in the Missouri Senate ** Appropriations based on Governor Recommendations.,0.98
REL-149f52ebc797cecfce4a,DOC020,document_mentions_location,Missouri,DOC020,DOC020-C0007,Missouri Senate ** Appropriations based on Governor Recommendations.,0.98
REL-9d2aae75b91a88ead0b5,DOC020,document_mentions_location,Missouri,DOC020,DOC020-C0008,"Missouri has sustainable fish and wildlife * Salaries $12,089,603 $19,575,524 $20,211,445 $635,921 3.2% Hourly Labor $1,192,378 $1,453,778 $2,059,577 $605,799 41.7% Expense $8,830,970 $9,869,566 $10,968,691 $1,099,125 11.1% Equi",0.98
REL-a73e04d30bd94becc139,DOC020,document_mentions_location,Missouri,DOC020,DOC020-C0009,"Missouri Comprehensive Conservation Strategy in the management and restoration of habitats, use of prescribed fire, conservation grazing, habitat surveys, and invasive species control and management.",0.98
REL-7792d70ced76060ee839,DOC020,document_mentions_location,Missouri,DOC020,DOC020-C0010,Missouri.,0.98
REL-b6792ad404de57746065,DOC020,document_mentions_location,Missouri,DOC020,DOC020-C0011,Missouri citizens.,0.98
REL-b9e752431aac57bd38cf,DOC020,document_mentions_location,Missouri,DOC020,DOC020-C0012,Missouri.,0.98
REL-f5463e1ae535ae673cfb,DOC020,document_mentions_location,Missouri,DOC020,DOC020-C0014,Missouri Outdoor Recreational Access Program (MRAP) which provides rental payments for allowing public access for hunters and fishers.,0.98
REL-7f5a639114e17f6ed581,DOC020,document_mentions_location,Missouri,DOC020,DOC020-C0016,"Missouri Conservationist and Xplor magazines, publications and books, nature photography, and online communications channels such as social media, news releases, audio/video production, marketing, website, podcasts, and mobile a",0.98
REL-da3466b083b7245ad9eb,DOC020,document_mentions_location,Missouri,DOC020,DOC020-C0017,"Missouri Stream Teams, Missouri Forestkeepers Network, and Missouri Master Naturalists.",0.98
REL-f70d89b9a3843d0b8f3e,DOC020,document_mentions_location,Missouri,DOC020,DOC020-C0018,"Missouri is a recognized leader in conservation * Salaries $12,641,017 $4,381,304 $5,786,882 $1,405,578 32.1% Hourly Labor $231,627 $291,568 $421,026 $129,458 44.4% Benefits * $30,391,701 $34,698,059 $44,160,356 $9,462,297 27.3%",0.98
REL-6d1c657423b8873213e8,DOC020,document_mentions_location,Missouri,DOC020,DOC020-C0019,Missouri citizens and partner organizations.,0.98
REL-947f38a537d9bcda9201,DOC020,document_mentions_location,Missouri,DOC020,DOC020-C0022,"Missouri is a recognized leader in conservation * Salaries $12,641,017 $4,381,304 $5,786,882 $1,405,578 32.1% Hourly Labor $231,627 $291,568 $421,026 $129,458 44.4% Benefits * $30,391,701 $34,698,059 $44,160,356 $9,462,297 27.3%",0.98
REL-a16dd34a5c44c32be2fa,DOC020,document_mentions_location,Missouri,DOC020,DOC020-C0023,Missouri state agencies.,0.98
REL-89aac7339fcf474a7f48,DOC020,document_mentions_location,Missouri,DOC020,DOC020-C0027,Missouri's Comprehensive Conservation Strategy (CCS) to recover and manage species of greatest conservation need (SGCN) and their habitats 2.,0.98
REL-90eac1ee5bfebeb55a94,DOC020,document_mentions_location,Missouri,DOC020,DOC020-C0028,"Provide better security for Missouri's fish, forest, and wildlife species, making them less likely to need federal Endangered Species Act protections •",0.98
REL-f7a0c4c6d2d7be250741,DOC020,document_mentions_location,Missouri,DOC020,DOC020-C0029,"Missouri, expanding the Green Schoolyard Program outside of the pilot in St.",0.98
REL-aa919022e8712c302386,DOC020,document_mentions_location,Missouri,DOC020,DOC020-C0030,"Missouri, expanding the Green Schoolyard Program outside of the pilot in St.",0.98
REL-fa13ecaf63e588c05c7d,DOC020,document_mentions_location,United States,DOC020,DOC020-C0027,U.S. House of Representatives (H.R.,0.98
REL-9645ac9ecd5ccf904e51,DOC021,document_mentions_location,Canada,DOC021,DOC021-C0001,Canada and Mexico.,0.98
REL-f863679b44c685268b58,DOC021,document_mentions_location,Canada,DOC021,DOC021-C0002,Canada and Mexico.,0.98
REL-c3257b3d764b3aafeca5,DOC021,document_mentions_location,Gulf Coast,DOC021,DOC021-C0001,Gulf Coast,0.98
REL-a3efba2f1bca0d64461b,DOC021,document_mentions_location,Gulf Coast,DOC021,DOC021-C0002,"Gulf Coast Wetlands A landmark land donation from the Moody Foundation positions Ducks Unlimited to permanently protect one of Texas’ storied coastal marsh complexes and to secure its value for waterfowl, wildlife and people for g",0.98
REL-ae9cf2f07ce668bb9d91,DOC021,document_mentions_location,North America,DOC021,DOC021-C0001,North America​ Why Wetlands Matter More than half of North America's wetlands have been lost or degraded - Ducks Unlimited and our partners are working to reverse that trend.,0.98
REL-d84cbda019a22b6e2dd9,DOC021,document_mentions_location,North America,DOC021,DOC021-C0002,North America 1M Acres of conservation three years in a row (2024-2026) 900+ DU professionals delivering conservation 26 Trillion gallons of water conserved since 1937 Get Involved Help us Conserve our Wetlands Join Ducks Unlimited’s,0.98
REL-62b53d0426d507ce2cec,DOC021,document_mentions_location,United States,DOC021,DOC021-C0002,"United States has been drained, degraded, or converted to alternative uses.",0.98
REL-8c4c6f106f8eacdaa47a,DOC022,document_mentions_location,United States,DOC022,DOC022-C0001,U.S. lands and waters and to accept funds for purposes covered in the Act.,0.98
REL-8c2c3249c43761fd2ca8,DOC022,document_mentions_location,United States,DOC022,DOC022-C0002,U.S. lands and waters and to accept funds for purposes covered in the Act.,0.98
REL-e02ee8b0e0b890eab531,DOC023,document_mentions_location,United States,DOC023,DOC023-C0001,U.S. National Wetland Condition Assessment National Aquatic Resource Surveys Wetlands Materials for Students and Teachers Regulations Affecting Wetlands Wetland Restoration Constructed Wetlands Voluntary Wetland Restoration,0.98
REL-a7b1f3aac3c0d0b40097,DOC024,document_mentions_location,Gulf Coast,DOC024,DOC024-C0001,Gulf Coast through structured decision making (SDM) and constructed value of information (CVoI) Co-producing coastal bird research on the Gulf Coast through structured decision making (SDM) and constructed value of information (CV,0.98
REL-21115e74bb6f88758984,DOC024,document_mentions_location,Mississippi River,DOC024,DOC024-C0001,Mississippi River Delta Study shows elevation gain can be a sign of wetland loss Read more Citizen Scientist Helps USGS Confirm Unique Population of Threatened Turtle Read more Amphibians have one more thing to worry about - mercury - la,0.98
REL-68d69f47bf7ed9955b51,DOC024,document_mentions_location,United States,DOC024,DOC024-C0001,"U.S. Read more Wetland and Aquatic Research Center Home Science Data Maps Multimedia Publications Software News Connect Partners About Wetland and Aquatic Research Center WARC conducts relevant and objective research, develo",0.98
REL-4634a7ff13300fe9609b,DOC025,document_mentions_location,Canada,DOC025,DOC025-C0005,"Canada Goose Scientific Name Branta canadensis Description Canada geese are recognizable by their brownish bodies, black necks and heads, and a distinctive broad white patch that runs beneath their heads from ear to ear.",0.98
REL-75f1fd899dd3bbb21247,DOC025,document_mentions_location,Mississippi River,DOC025,DOC025-C0001,Mississippi River hills.,0.98
REL-676645caecff80938f1c,DOC025,document_mentions_location,Missouri,DOC025,DOC025-C0001,"Missouri, riverine wetlands occur mainly in the lowlands and floodplains of the Bootheel, along the Missouri and Mississippi rivers, and in northern and western Missouri, especially in the region where the Grand, Chariton, Thomp",0.98
REL-861e533cdceed65116da,DOC025,document_mentions_location,Missouri,DOC025,DOC025-C0002,"Missouri, fens support plants and animals that usually are only found far north of our state — remnants of the last glacier’s retreat.",0.98
REL-15995c8758900985a54d,DOC025,document_mentions_location,Missouri,DOC025,DOC025-C0003,"(about 12 species in Missouri) Description Exotic willows are available at lawn and garden centers, but there are several willow species that are native to Missouri.",0.98
REL-5e8d720291c59e5a09a2,DOC025,document_mentions_location,Missouri,DOC025,DOC025-C0004,Missouri's six species of mole salamanders.,0.98
REL-155610ea8d7bb7548fd5,DOC025,document_mentions_location,Missouri,DOC025,DOC025-C0005,Missouri’s marshes and other wet areas.,0.98
REL-c1b279ea370bfa5df278,DOC025,document_mentions_location,North America,DOC025,DOC025-C0003,North America Description Midges are dainty flies that resemble mosquitoes.,0.98
REL-93eb3e72ea8f327152fd,DOC025,document_mentions_location,United States,DOC025,DOC025-C0005,United States for the fur market.,0.98
REL-437ab471e1796beac3f2,DOC026,document_mentions_location,Canada,DOC026,DOC026-C0002,Canada.,0.98
REL-ffe46ab7aca018981d55,DOC026,document_mentions_location,Canada,DOC026,DOC026-C0003,"Canada, Latin America and the Caribbean.",0.98
REL-d761a0d5267f6e7816a6,DOC026,document_mentions_location,North America,DOC026,DOC026-C0002,"North America, as we strive to balance ecological integrity and human interests.",0.98
REL-7b6aadd439c1dbd39fd7,DOC026,document_mentions_location,North America,DOC026,DOC026-C0003,"North America, as we strive to balance ecological integrity and human interests.",0.98
REL-d5b5e398486c1b969bcc,DOC026,document_mentions_location,United States,DOC026,DOC026-C0002,"United States, Canada, Latin America and the Caribbean.",0.98
REL-84b73d10960124190567,DOC026,document_mentions_location,United States,DOC026,DOC026-C0003,"United States, Canada, Latin America and the Caribbean.",0.98
REL-6ab166eddd41275c9b15,DOC027,document_mentions_location,Canada,DOC027,DOC027-C0012,"Canada, in 1987.",0.98
REL-10b6d1654908b146519d,DOC027,document_mentions_location,Canada,DOC027,DOC027-C0013,"Canada, in 1987.",0.98
REL-f96ee6144d2849b1ab57,DOC027,document_mentions_location,Canada,DOC027,DOC027-C0014,"Canada, serves for six months as Interim Secretary General, replacing Mr Dan Navid.",0.98
REL-1a330dd1253824a51cf5,DOC027,document_mentions_location,Canada,DOC027,DOC027-C0018,"Canada, 1987 4.",0.98
REL-f8db35ae06b8f7d12b7c,DOC027,document_mentions_location,Canada,DOC027,DOC027-C0019,"Canada, 1987 4.",0.98
REL-f91b1fbf8d8e12a4f6b0,DOC027,document_mentions_location,Canada,DOC027,DOC027-C0020,"Canada (Alternate member: Mexico) Oceania: Fiji (Alternate member: Palau) COP11 host country: Romania COP12 host country: Uruguay Permanent observers: Switzerland, BirdLife International, IUCN- International Union for Conserva",0.98
REL-14b143448b684e415569,DOC027,document_mentions_location,Canada,DOC027,DOC027-C0022,"North America (Canada, Mexico, and the United States) •",0.98
REL-045e173175f2c4fea6d6,DOC027,document_mentions_location,Canada,DOC027,DOC027-C0023,"North America (Canada, Mexico, and the United States) •",0.98
REL-993c8b329515ccb6cd9e,DOC027,document_mentions_location,Canada,DOC027,DOC027-C0025,"Canada, in 1987.",0.98
REL-3ceaf4507f345e864e0e,DOC027,document_mentions_location,Canada,DOC027,DOC027-C0035,"the North American Waterfowl Management Plan (1986) between Canada, the United States and Mexico; •",0.98
REL-9914a259cd001fa85883,DOC027,document_mentions_location,Canada,DOC027,DOC027-C0036,"the North American Waterfowl Management Plan (1986) between Canada, the United States and Mexico; •",0.98
REL-b82dd2ed214967733e84,DOC027,document_mentions_location,Canada,DOC027,DOC027-C0041,Canada).,0.98
REL-5beabcbc95823b5cb780,DOC027,document_mentions_location,Canada,DOC027,DOC027-C0042,Canada).,0.98
REL-35db3e319f3bf86e877b,DOC027,document_mentions_location,Canada,DOC027,DOC027-C0048,"Canada, May-June 1987) Resolution 3.1 Secretariat matters Resolution 3.2 Financial and budgetary matters Resolution 3.3 Establishment of a Standing Committee Resolution 3.4 Provisional implementation of the amendments to the C",0.98
REL-938e4b4271dcebeb4fd1,DOC027,document_mentions_location,Canada,DOC027,DOC027-C0055,"Canada: survey of Ramsar site managers, 2007, by Pauline Lynch-Stewart.",0.98
REL-5c0f783572adcb14219d,DOC027,document_mentions_location,Canada,DOC027,DOC027-C0056,"Canada: survey of Ramsar site managers, 2007, by Pauline Lynch-Stewart.",0.98
REL-ada87680900cd81640f7,DOC027,document_mentions_location,Canada,DOC027,DOC027-C0057,"Clayton Rubec, Canada, 4 November 2008 •",0.98
REL-777830edbe742531e81c,DOC027,document_mentions_location,Canada,DOC027,DOC027-C0060,"Canada, May 1987; entered into force in May 1994 The Convention on Wetlands (Ramsar, Iran, 1971) 108 Scientific and Technical Review Panel = the Convention’s subsidiary",0.98
REL-729384a475144e3abc50,DOC027,document_mentions_location,Canada,DOC027,DOC027-C0061,"Canada, May 1987; entered into force in May 1994 The Convention on Wetlands (Ramsar, Iran, 1971) 108 Scientific and Technical Review Panel = the Convention’s subsidiary scientific advisory body, established in 1993, consisting",0.98
REL-b95bcbb4f4d4fdf2bdc8,DOC027,document_mentions_location,Canada,DOC027,DOC027-C0062,"Canada, May 1987; entered into force in May 1994 The Convention on Wetlands (Ramsar, Iran, 1971) 108 Scientific and Technical Review Panel = the Convention’s subsidiary scientific advisory body, established in 1993, consisting",0.98
REL-6a38bd816cc77683f985,DOC027,document_mentions_location,North America,DOC027,DOC027-C0007,"North America reported that the designation of Ramsar Sites has helped maintain the conservation status of those wetlands, with a common view that “the designation of a site as a Wetland of International Importance was more than a me",0.98
REL-d053c97fc4fc14c92918,DOC027,document_mentions_location,North America,DOC027,DOC027-C0020,"North America: Canada (Alternate member: Mexico) Oceania: Fiji (Alternate member: Palau) COP11 host country: Romania COP12 host country: Uruguay Permanent observers: Switzerland, BirdLife International, IUCN- International Union for",0.98
REL-b481639db2afc04e3c6e,DOC027,document_mentions_location,North America,DOC027,DOC027-C0022,"North America (Canada, Mexico, and the United States) •",0.98
REL-646ba7a2945791acb6d5,DOC027,document_mentions_location,North America,DOC027,DOC027-C0023,"North America (Canada, Mexico, and the United States) •",0.98
REL-52de0c67e8096dc6090c,DOC027,document_mentions_location,North America,DOC027,DOC027-C0060,"North America, and Oceania Ramsar Sites = wetlands designated by the Contracting Parties for inclusion in the List of Wetlands of International Importance because they meet one or more of the Ramsar Criteria Ramsar Sites Database = r",0.98
REL-b5fbee15417f1d92f8be,DOC027,document_mentions_location,United States,DOC027,DOC027-C0005,"US$ 33 trillion worth of services annually, of which about US$ 4.9 trillion are attributed to wetlands.",0.98
REL-287620aad9ceeeb64377,DOC027,document_mentions_location,United States,DOC027,DOC027-C0014,"United States State Department, and the US Fish and Wildlife Service; later renewed regularly.",0.98
REL-bb9abdf8ec0f5668fe7b,DOC027,document_mentions_location,United States,DOC027,DOC027-C0015,"United States State Department, and the US Fish and Wildlife Service; later renewed regularly.",0.98
REL-25f173955b4a9b0fe47a,DOC027,document_mentions_location,United States,DOC027,DOC027-C0022,US$ 5.5 million or € 4.2 million at January 2013 exchange rates) for each of the three years preceding COP12 in 2015.,0.98
REL-387134f3c2f8bc85bc05,DOC027,document_mentions_location,United States,DOC027,DOC027-C0023,"North America (Canada, Mexico, and the United States) •",0.98
REL-f21d898e2284835d0503,DOC027,document_mentions_location,United States,DOC027,DOC027-C0035,"the North American Waterfowl Management Plan (1986) between Canada, the United States and Mexico; •",0.98
REL-e50e24aa426c249702b1,DOC027,document_mentions_location,United States,DOC027,DOC027-C0036,"the North American Waterfowl Management Plan (1986) between Canada, the United States and Mexico; •",0.98
REL-18618c0f89ddaa16926a,DOC027,document_mentions_location,United States,DOC027,DOC027-C0037,"United States State Department, and the United States Fish and Wildlife Service have collaborated on a special SGF: Effective site management in Moldova A recent SGF project carried out by BIOTICA Ecological Society, in cooperation w",0.98
REL-fe1a4ad60e40df307758,DOC027,document_mentions_location,United States,DOC027,DOC027-C0041,"US$ 10,000, generously donated by the Danone Groupe.",0.98
REL-80ce7da8f1d76868c984,DOC027,document_mentions_location,United States,DOC027,DOC027-C0042,"US$ 10,000, generously donated by the Danone Groupe.",0.98
REL-04d35a3739d8aedb60d1,DOC027,document_mentions_location,United States,DOC027,DOC027-C0044,"US$ 1,080 or Euros 830 in January 2013) for all Parties to cover basic expenses of invoicing and administration.",0.98
REL-6a2c14fdcbd69510cd3d,DOC027,document_mentions_location,United States,DOC027,DOC027-C0055,"United States (2007), by Royal C.",0.98
REL-7d0b11e8e6310dd08ee7,DOC027,document_mentions_location,United States,DOC027,DOC027-C0061,"US State Department, the US Fish and Wildlife Service, and the Ramsar Secretariat to provide matching funds for training and capacity-building projects in the Neotropical region Wetlands International = the leading global",0.98
REL-7dd8f8698d70e1ab7105,DOC027,document_mentions_location,United States,DOC027,DOC027-C0062,"US State Department, the US Fish and Wildlife Service, and the Ramsar Secretariat to provide matching funds for training and capacity-building projects in the Neotropical region Wetlands International = the leading global",0.98
REL-eac2346d1b4048d108aa,DOC028,document_mentions_location,United States,DOC028,DOC028-C0001,United States government Here’s how you know Here’s how you know Official websites use .gov A .gov website belongs to an official government organization in the United States.,0.98
REL-0a512f139b596e38d6eb,DOC029,document_mentions_location,Canada,DOC029,DOC029-C0008,Canada-USA International Seamount Survey Research Brief for 2024 Joint Canada-USA International Seamount Survey Alaska Outreach Materials 2024 Gulf of Alaska Coral Settlement Plate Recovery and Deployment Research Brief for 20,0.98
REL-34c754bb27f47209b1c5,DOC029,document_mentions_location,Chesapeake Bay,DOC029,DOC029-C0003,"Chesapeake Bay​​​​​ Pacific Islands Southeast West Coast National Fish Habitat Partnership Image The National Fish Habitat Partnership is a nationwide, partnership-based approach to provide the groundwork to conserve habitats vital to",0.98
REL-fcd117949121a52a6c97,DOC029,document_mentions_location,Chesapeake Bay,DOC029,DOC029-C0004,"Chesapeake Bay, which was designated a national treasure.",0.98
REL-e35b7a31be6b6bf68824,DOC029,document_mentions_location,Great Lakes,DOC029,DOC029-C0001,Great Lakes Fish Habitat Restoration Partnership Grants New England/Mid-Atlantic New England/Mid-Atlantic More Opportunities FACT $23 billion in coastal protection services provided by wetlands Wetlands absorb floodwaters by acting,0.98
REL-632e035cc5f871f9f9eb,DOC029,document_mentions_location,Great Lakes,DOC029,DOC029-C0002,Great Lakes Restoring the Gulf of America (formerly Gulf of Mexico) after the Deepwater Horizon oil spill Conducting large-scale wetland restoration in Louisiana Engaging veterans and conservation corps in restoration Where We Work,0.98
REL-74fc821e84a12b534f72,DOC029,document_mentions_location,United States,DOC029,DOC029-C0001,U.S. history.,0.98
REL-ed2e7a3c3918631ce4ab,DOC029,document_mentions_location,United States,DOC029,DOC029-C0003,United States at some point in their lives.,0.98
REL-42d2665824395ec930b2,DOC029,document_mentions_location,United States,DOC029,DOC029-C0004,"U.S. states combined, and is home to some of the most productive and valuable fisheries in the world.",0.98
REL-f763a85b68130e1c0dcf,DOC029,document_mentions_location,United States,DOC029,DOC029-C0005,U.S. fisheries generate more than $200 billion in sales impacts every year.,0.98
REL-eef3517b243de8c4f8ed,DOC029,document_mentions_location,United States,DOC029,DOC029-C0007,United States.,0.98
REL-a42b7d2df0f9378d9a7b,DOC029,document_mentions_location,United States,DOC029,DOC029-C0008,United States.,0.98
REL-a9008c58532df78639b7,DOC030,document_mentions_location,United States,DOC030,DOC030-C0001,United States Geological Survey.,0.98
REL-36de0771c582eb8ace4f,DOC031,document_mentions_location,Canada,DOC031,DOC031-C0009,Canada have participated in the Great American Secchi Dip-In (http://dipin.kent.edu).,0.98
REL-efeaf87facf33b500ca2,DOC031,document_mentions_location,Chesapeake Bay,DOC031,DOC031-C0004,Mencken once described the Chesapeake Bay as a giant protein factory because of its incredibly productive fish and shellfish habitat.,0.98
REL-a0ee9cae31382d5a2d2a,DOC031,document_mentions_location,Chesapeake Bay,DOC031,DOC031-C0009,Chesapeake Bay and its Estuaries.,0.98
REL-b2a7f64668ed54875662,DOC031,document_mentions_location,Great Lakes,DOC031,DOC031-C0001,"Great Lakes, Gulf of Mexico, and coastal areas produce more than 10 billion pounds of fish and shellfish.",0.98
REL-84d85b73aac00d5c7300,DOC031,document_mentions_location,Great Lakes,DOC031,DOC031-C0002,"Great Lakes, Gulf of Mexico, and coastal areas produce more than 10 billion pounds of fish and shellfish.",0.98
REL-5fff73a5d284c505ef15,DOC031,document_mentions_location,Great Lakes,DOC031,DOC031-C0004,"Great Lakes, the Gulf of Mexico, and other coastal areas—produce more than 10 billion pounds of fish and shellfish.",0.98
REL-be7f20ca7bf36a133d26,DOC031,document_mentions_location,United States,DOC031,DOC031-C0001,"United States Environmental Protection Agency EPA-840-B-00-001 May 2000 Office of Water (4101) Washington, DC 20460 www.epa.gov/water Liquid Assets 2000: America’s Water Resources at a T urning Point In Memory...",0.98
REL-90751b8de6c5c6d20a4a,DOC031,document_mentions_location,United States,DOC031,DOC031-C0003,"U.S. population (over 141 million) lives in the nation’s coastal communities, which account for only 17 percent of the land area in the country.",0.98
REL-bd1fb95e4a77a54f7736,DOC031,document_mentions_location,United States,DOC031,DOC031-C0004,"United States and achieving a net increase of 100,000 acres of wetlands each year, beginning in 2005.",0.98
REL-c466cf1f8690dc0fdd87,DOC031,document_mentions_location,United States,DOC031,DOC031-C0005,U.S. Natural Resources Conservation Service undertook an important water quality project.,0.98
REL-990dc84a8d15489afe0a,DOC031,document_mentions_location,United States,DOC031,DOC031-C0006,U.S. seafood and tourism industries from Pfiesteria are estimated at $1 billion.,0.98
REL-0cf30bd93890620f4b45,DOC031,document_mentions_location,United States,DOC031,DOC031-C0007,Mining in the western United States has contaminated stream reaches in the headwaters of more than 40 percent of the watersheds in the W est.,0.98
REL-dd184ee3f2178674e9ba,DOC031,document_mentions_location,United States,DOC031,DOC031-C0009,United States is now close to half a million.,0.98
REL-a6686cd1495e4cc04f4b,DOC031,document_mentions_location,United States,DOC031,DOC031-C0010,"United States, Projected T rends 1985 to 1995.",0.98
REL-5ace23fc8f906f00c0c1,DOC031,document_mentions_location,United States,DOC031,DOC031-C0011,United States in 1995.,0.98
REL-176ade37e592f9c469d3,DOC032,document_mentions_location,Canada,DOC032,DOC032-C0001,"Canada), Lucas Garibaldi (Argentina), Kazuhito Ichii (Japan), Jianguo Liu (United States of America), Suneetha Mazhenchery Subramanian (India/United Nations University), Guy Midgley (South Africa), Patricia Miloslavich (Boliva",0.98
REL-ab1fb60874cc90dd3568,DOC032,document_mentions_location,North America,DOC032,DOC032-C0018,North America and Europe suggest effects of climate change in their population trends since the 1980s) (established but incomplete) {2.2.6.2}.,0.98
REL-6b34cafabb2f13547ef7,DOC032,document_mentions_location,North America,DOC032,DOC032-C0025,"North America and Europe are expected to have low conversion to crops and continued reforestation {4.1.5, 4.2.4.2}.",0.98
REL-0786f124eefb98024121,DOC032,document_mentions_location,United States,DOC032,DOC032-C0001,United States of America).,0.98
REL-846de7e586697fbeaf64,DOC032,document_mentions_location,United States,DOC032,DOC032-C0011,US in annual global crop output is at risk as a result of pollinator loss {2.3.5.3} (established but incomplete).,0.98
REL-550fd19cc51ed064ced4,DOC032,document_mentions_location,United States,DOC032,DOC032-C0020,"US$100 billion in countries within the Organization for Economic Cooperation and Development, yet some subsidy reforms to reduce unsustainable pesticide uses and adjust several other consequential development practices hav",0.98
REL-ef8357ed72349956ccea,DOC032,document_mentions_location,United States,DOC032,DOC032-C0021,US$ billions spent on supports {5.3.2.5}.,0.98
REL-4696c5d071921e95d191,DOC033,document_mentions_location,Great Lakes,DOC033,DOC033-C0001,"Great Lakes ArcelorMittal Bike Cleveland BrownFlynn Buckeye Ministry in Mission Alliance Burten, Bell, Carr Development, Inc.",0.98
REL-a3738b50b6ceff12568a,DOC033,document_mentions_location,Great Lakes,DOC033,DOC033-C0018,"Great Lakes Brewery, Mitchell’s Ice Cream, Talan, etc.) have made progress.",0.98
REL-4b3fa881494703bfeea3,DOC033,document_mentions_location,Great Lakes,DOC033,DOC033-C0021,"Great Lakes, impacting shipping.",0.98
REL-54e4fc1b96b95ef69911,DOC033,document_mentions_location,Great Lakes,DOC033,DOC033-C0029,"Great Lakes system sufficient to cause (not an exhaustive list): Restrictions on Fish and Wildlife Consumption, Degraded Fish and Wildlife Populations, Fish Tumors or Other Deformities Water Equity: ensuring that all people have ac",0.98
REL-feb1b08d4b5b556513fb,DOC033,document_mentions_location,North America,DOC033,DOC033-C0018,North America.,0.98
REL-2d9994b5eb6f7f83702d,DOC033,document_mentions_location,United States,DOC033,DOC033-C0001,"U.S. pulled out of the Paris Climate Agreement in 2017, it became clear that leadership from local government, businesses, and civic institutions is needed now more than ever.",0.98
REL-cf66a93e34594ecc0244,DOC033,document_mentions_location,United States,DOC033,DOC033-C0002,"U.S. pulled out of the Paris Climate Agreement in 2017, it became clear that leadership from local government, businesses, and civic institutions is needed now more than ever.",0.98
REL-8fcbf21c50bc340b219d,DOC033,document_mentions_location,United States,DOC033,DOC033-C0012,US Average for this resource).,0.98
REL-5a76a4344db9747616b9,DOC033,document_mentions_location,United States,DOC033,DOC033-C0014,"Department of Energy U.S. Green Building Council Ohio, NEO Region, restructured, partnered with Cleveland 2030 District on Annual Green Building Challenge Progress since 2013 OBJECTIVE 2: ADVANCED & RENEWABLE ENERGY OBJECTIVE 1: ENERGY EFFICIENC",0.98
REL-c3316dd5f41e3f10028d,DOC033,document_mentions_location,United States,DOC033,DOC033-C0015,"U.S. Green Building Council Ohio, Northeast Ohio Region).",0.98
REL-1b48aaaa43872a7c7f59,DOC033,document_mentions_location,United States,DOC033,DOC033-C0018,U.S. DOE for construction.,0.98
REL-4ffee2f492c36eefbf1e,DOC033,document_mentions_location,United States,DOC033,DOC033-C0020,"Commuters driving alone decreased by 1% from 69% in 2010 to 68% in 2016 (US Census Bureau, 2018).",0.98
REL-499deadf14c4e8cd3f3c,DOC033,document_mentions_location,United States,DOC033,DOC033-C0021,"US Census, 2018).",0.98
REL-23c2c99d60c6c6d449e2,DOC033,document_mentions_location,United States,DOC033,DOC033-C0040,US cities to do so.,0.98
REL-6407e0084fad9dec3463,DOC034,document_mentions_location,Canada,DOC034,DOC034-C0001,CANADA'S GREEN PLAN Canada's Green Plan for a healthy environment Government Gouvernement of Canada du Canada 141 _..iSkiiikor / CANADA'S GREEN PLAN Canada's Green Plan for a healthy environment 1+1 Government Gouvernement of,0.98
REL-c6445664c0a0e1350dc1,DOC034,document_mentions_location,Canada,DOC034,DOC034-C0002,Canada's Natural Heritage 81 Further Actions for Protecting Endangered Spaces 82 Establishing Forest Ecological Reserves 82 Conserving Canada's Wetlands 82 B.,0.98
REL-4e52791495c044f5db84,DOC034,document_mentions_location,Canada,DOC034,DOC034-C0003,Canada's natural environment has shaped the development of our character and spirit.,0.98
REL-238d97153cc47b9234a3,DOC034,document_mentions_location,Canada,DOC034,DOC034-C0004,Canada's economic development and material well-being has grown from the application of more and more sophisticated tech- nology by an increasingly educated workforce to this rich base of renewable and non-renewable resources.,0.98
REL-433b97bb1344ebd41710,DOC034,document_mentions_location,Canada,DOC034,DOC034-C0005,Canada's Green Plan offers a framework for change.,0.98
REL-09bd8065b132277b881f,DOC034,document_mentions_location,Canada,DOC034,DOC034-C0006,Canada's Green Plan.,0.98
REL-a475cc5251c67a1bc4df,DOC034,document_mentions_location,Canada,DOC034,DOC034-C0007,Canada.,0.98
REL-41f965a003e96da15b48,DOC034,document_mentions_location,Canada,DOC034,DOC034-C0008,Canada recog- nizes the inherent right of all species to exist.,0.98
REL-309fcf7d890e1fc471f7,DOC034,document_mentions_location,Canada,DOC034,DOC034-C0009,"Canada will work with the provinces, industry and interested groups to establish precise targets and schedules in all areas as quickly as possible.",0.98
REL-328edfd63cb7cd62ffed,DOC034,document_mentions_location,Canada,DOC034,DOC034-C0010,"Principles for Environmental Action The Government of Canada has adopted the following principles as the basis for its own efforts to secure a safe and healthy environ- ment, and a sound and prosperous economy.",0.98
REL-2c48a3304906e2d10e70,DOC034,document_mentions_location,Canada,DOC034,DOC034-C0011,Canada and with our global neighbours.,0.98
REL-24aa34f14d31a0b8e1ce,DOC034,document_mentions_location,Canada,DOC034,DOC034-C0012,Canada's Green Plan is a government- wide initiative.,0.98
REL-7eb69a9d6867c5a8e5cf,DOC034,document_mentions_location,Canada,DOC034,DOC034-C0013,Canada: all federal departments and agencies are responsible for the environmental aspects of their activities.,0.98
REL-b3ad7c3d98b20709c0ba,DOC034,document_mentions_location,Canada,DOC034,DOC034-C0014,"Canada's Goal is to Ensure that Citizens Today and Tomorrow Have the Clean Air, Water and Land Essential to Sustaining Human Health and the Environment.",0.98
REL-bd4812b57d2c13330531,DOC034,document_mentions_location,Canada,DOC034,DOC034-C0015,"Canada, the Govern- ment will develop a registry of health effects and correlate con- tamination ""hot spots"" with the incidence of cancer and other major diseases.",0.98
REL-192041c4a910debcdf81,DOC034,document_mentions_location,Canada,DOC034,DOC034-C0016,Canada.,0.98
REL-7fb4a45d1cf26e8ae23d,DOC034,document_mentions_location,Canada,DOC034,DOC034-C0017,Canada's water resources.,0.98
REL-90760b7b028f07d1f6d9,DOC034,document_mentions_location,Canada,DOC034,DOC034-C0018,"Canada, our groundwater resources are polluted by pesticides, leaking underground tanks and contamination from landfill waste disposal.",0.98
REL-0875c8ddf933f21819d1,DOC034,document_mentions_location,Canada,DOC034,DOC034-C0019,Canada has in place major programs designed to restore the qual- ity of the Great Lakes and the St.,0.98
REL-93ccee5c2034f25d7e6e,DOC034,document_mentions_location,Canada,DOC034,DOC034-C0020,Canada believes that co-operative efforts are needed to promote wiser water use throughout Canada.,0.98
REL-c0066ad69f2f16468cad,DOC034,document_mentions_location,Canada,DOC034,DOC034-C0021,Canada will also convene an international panel of experts in May 1991 to develop the framework for a global protocol to protect the marine environment from all sources of pollution.,0.98
REL-0f06d872bc6bc318df93,DOC034,document_mentions_location,Canada,DOC034,DOC034-C0022,Canada have resulted in an 85-per-cent reduction in the levels of lead contained in the air that urban Canadians breathe.,0.98
REL-e9098c73cd056e1c6f1c,DOC034,document_mentions_location,Canada,DOC034,DOC034-C0023,Canada's chemical industry.,0.98
REL-56d331d7bf60f60ec2b8,DOC034,document_mentions_location,Canada,DOC034,DOC034-C0024,"Canada is committed to ensuring that toxic substances are controlled at those points in their life cycle where the environment and health of Canadians are at risk: that is, from their production, through their transportation a",0.98
REL-06edf6c4797e5c129ada,DOC034,document_mentions_location,Canada,DOC034,DOC034-C0025,"Canada, the Government will develop a national data base for hazardous pollutants be- ing released from industrial and transportation sources.",0.98
REL-0fab7a8eb225c53e3e5b,DOC034,document_mentions_location,Canada,DOC034,DOC034-C0026,Canada.,0.98
REL-91e20bfef71fe1fd6197,DOC034,document_mentions_location,Canada,DOC034,DOC034-C0027,"by 1995, develop national consensus on the ultimate emission targets and actions necessary to achieve ozone air quality stan- dards in all parts of Canada and amend the federal/provincial agreements accordingly.",0.98
REL-cd07f00b6769dfb563eb,DOC034,document_mentions_location,Canada,DOC034,DOC034-C0028,Canada where problems exist and will deter- mine emission reductions required in the U.S.,0.98
REL-235e246613d3d85fe557,DOC034,document_mentions_location,Canada,DOC034,DOC034-C0029,Canada is committed to meeting the 50-per- cent reduction target.,0.98
REL-f734b7cc543b36c466cf,DOC034,document_mentions_location,Canada,DOC034,DOC034-C0030,"Canada signed the Convention on the Control of Transboundary Movements of Hazardous Wastes and their Disposal (the Basel Con- vention) on March 22, 1989.",0.98
REL-83c8f75b1746ea2d67ff,DOC034,document_mentions_location,Canada,DOC034,DOC034-C0031,"Canada will provide scientif- ic and financial support to its partners in the program, the land owners and the land managers.",0.98
REL-db39e6ed197ed5ddb542,DOC034,document_mentions_location,Canada,DOC034,DOC034-C0032,Canada will establish a national forest seed and gene bank to ensure that we preserve the genetic elements that com- prise our natural forest heritage.,0.98
REL-44ae2c02451d871a4cfc,DOC034,document_mentions_location,Canada,DOC034,DOC034-C0033,Canada's agri-food industry.,0.98
REL-e95945e35c1a633f564e,DOC034,document_mentions_location,Canada,DOC034,DOC034-C0034,Canada Soil Conservation Centre.,0.98
REL-3d696cad1e9a2c5a47b0,DOC034,document_mentions_location,Canada,DOC034,DOC034-C0035,"Canada's genetic resources by acquiring and/or developing, adapting, monitoring, utilizing and/or re- leasing plant, animal and other biological genetic resources.",0.98
REL-ca5321a90e970629c6d0,DOC034,document_mentions_location,Canada,DOC034,DOC034-C0036,Fisheries are an important environmental and economic resource for Canada.,0.98
REL-6b4a74bd41ee3dacfd1f,DOC034,document_mentions_location,Canada,DOC034,DOC034-C0037,"Canada's capability to anticipate and respond to the threat of toxic chemical pollution, the Government will expand scientific assessment, monitoring and research on toxic substances and their effects on fish and fish habitat.",0.98
REL-7b046e39a39617e2418b,DOC034,document_mentions_location,Canada,DOC034,DOC034-C0038,Canada is also calling on all states to sup- port international acceptance of the practical measures needed to make the Law of the Sea Convention work as it was intended.,0.98
REL-08f26ee771e8d773a4ab,DOC034,document_mentions_location,Canada,DOC034,DOC034-C0039,Canada are seriously affecting our natural and historical heritage.,0.98
REL-5ec54540c7361cc847ba,DOC034,document_mentions_location,Canada,DOC034,DOC034-C0040,Canada's Natural Heritage It is not sufficient simply to set aside land for parks.,0.98
REL-0f96d67118a545b55c53,DOC034,document_mentions_location,Canada,DOC034,DOC034-C0041,Canada for a four-year program to support the recovery of Canada's endangered wildlife species.,0.98
REL-c077df91873853fed19c,DOC034,document_mentions_location,Canada,DOC034,DOC034-C0042,Canada's biodiversity for both future generations of Canadians and the rest of the world.,0.98
REL-d3d0b217e667ab723ed9,DOC034,document_mentions_location,Canada,DOC034,DOC034-C0043,"Canada, there is a growing export market for bear gall bladders, again for traditional Asian medicines.",0.98
REL-ab81a3bd75da1a68aec4,DOC034,document_mentions_location,Canada,DOC034,DOC034-C0044,Canada's early his- tory.,0.98
REL-f8ad63ff4692a2000f71,DOC034,document_mentions_location,Canada,DOC034,DOC034-C0045,Canada to pursue better controls on these substances in the interna- tional forum.,0.98
REL-45447431398aa80dd80a,DOC034,document_mentions_location,Canada,DOC034,DOC034-C0046,Canada's North.,0.98
REL-4b2f2dd03c9287cb68dc,DOC034,document_mentions_location,Canada,DOC034,DOC034-C0047,Canada Many Canadians might welcome an increase in temperature as an alternative to cold winters.,0.98
REL-d47627578dab17959e29,DOC034,document_mentions_location,Canada,DOC034,DOC034-C0048,Canada.,0.98
REL-6f95061cf8850b2dad82,DOC034,document_mentions_location,Canada,DOC034,DOC034-C0049,Canada has already pledged to eliminate controlled CFCs by 1997.,0.98
REL-cc2f37678ce9084df51c,DOC034,document_mentions_location,Canada,DOC034,DOC034-C0050,Canada will put in place first are those that make economic sense in their own right (such as energy efficiency and tree planting) or that serve multiple policy objectives (such as elimination of CFCs).,0.98
REL-5478293d44d4d4b5c2de,DOC034,document_mentions_location,Canada,DOC034,DOC034-C0051,Canada believes that strategic and competi- tive economic advantages exist for nations capable of improving energy efficiency.,0.98
REL-552efcb67af236e6d76c,DOC034,document_mentions_location,Canada,DOC034,DOC034-C0052,"Canada will launch a major public infor- mation campaign, beginning in 1991, in order to stress the importance of individual action and to put Canadians in a po- sition to make more informed decisions.",0.98
REL-169760c1da52a9798b99,DOC034,document_mentions_location,Canada,DOC034,DOC034-C0053,Canada and the provinces are acting to reduce the amount of ground-level ozone in our country.,0.98
REL-04ae15a5db91b8314483,DOC034,document_mentions_location,Canada,DOC034,DOC034-C0054,Canada.,0.98
REL-f7a2f390677dcf379db8,DOC034,document_mentions_location,Canada,DOC034,DOC034-C0055,Canada's Goal is to Phase Out the Use of CFCs by 1997 and the Use of Methyl Chloroform and Other Major Ozone-Depleting Substances by the Year 2000.,0.98
REL-f96e766a27d61d4ae95d,DOC034,document_mentions_location,Canada,DOC034,DOC034-C0056,"Canada's contribution to a series of such observatories in the Arctic nations; by 1992, augment the Canadian Ozone Monitoring Program to determine the effects of ozone depletion on people in all parts of the country; dep.",0.98
REL-cc5119fdad04e22f1151,DOC034,document_mentions_location,Canada,DOC034,DOC034-C0057,Canada will Cap Acid-Rain-Related Emissions in Eastern Canada Beyond 1994 through Extended Federal-Provincial Acid Rain Control Agreements.,0.98
REL-abdaf3f16978b11e8149,DOC034,document_mentions_location,Canada,DOC034,DOC034-C0058,acid rain control programs will solve Canada's acid rain problem.,0.98
REL-2ef3b727be997cb515fb,DOC034,document_mentions_location,Canada,DOC034,DOC034-C0059,Canada and other industrial countries must be pre- pared to live up to their responsibilities as privileged members of the international community.,0.98
REL-8277d9a1959a04f0f91a,DOC034,document_mentions_location,Canada,DOC034,DOC034-C0060,Canada will establish a national secretariat to assist the partici- pation of Canadians in the conference.,0.98
REL-cd182d8723781fd9206e,DOC034,document_mentions_location,Canada,DOC034,DOC034-C0061,Canada will continue to play an active role in the Organization for Economic Co-operation and Development (OECD) and the Eco- nomic Commission for Europe (ECE).,0.98
REL-cf3714a60b2449c355f7,DOC034,document_mentions_location,Canada,DOC034,DOC034-C0062,"Canada will also explore ways to strengthen co-operation on continental environmental issues such as long-range transboundary air pollution, toxic chemicals and migratory birds and mammals.",0.98
REL-a56485f74a5bd157982e,DOC034,document_mentions_location,Canada,DOC034,DOC034-C0063,Canada's aboriginal communities have long understood the importance of resource management and environmental stewardship.,0.98
REL-8a2e269b652055cc0c26,DOC034,document_mentions_location,Canada,DOC034,DOC034-C0064,"Canada, which was approved by wildlife ministers in September 1990, calls for effective co-operation between governments and aboriginal peoples in wildlife conservation, research, education and enforcement.",0.98
REL-54eb9382e7ba103fee79,DOC034,document_mentions_location,Canada,DOC034,DOC034-C0065,Canada will establish annual conferences to consult business and labour repre- sentatives on cur- rent environmental issues and concerns.,0.98
REL-7f475d8c7b30117b07ef,DOC034,document_mentions_location,Canada,DOC034,DOC034-C0066,Canada.,0.98
REL-a8d51dffebe6ba4899c2,DOC034,document_mentions_location,Canada,DOC034,DOC034-C0067,Canada will explore ways of improving the consultation process to involve as many Canadians in as mean- ingful a manner as possible.,0.98
REL-1f98562d3087e356a1c9,DOC034,document_mentions_location,Canada,DOC034,DOC034-C0068,"The Government of Canada will, by mid-1991, develop a pre- liminary national set of environmental indicators and initiate stakeholder consultations.",0.98
REL-67647d55a2448b226c84,DOC034,document_mentions_location,Canada,DOC034,DOC034-C0069,Canada must act as a catalyst.,0.98
REL-74fbffd03c58ecebd16e,DOC034,document_mentions_location,Canada,DOC034,DOC034-C0070,Canada is also a world leader in the continuing effort to under- stand the complex phenomena of climate change.,0.98
REL-16027b9808a9bdaed717,DOC034,document_mentions_location,Canada,DOC034,DOC034-C0071,"Technology for Solutions Cleaning up the environment while preventing further degrada- tion is not only a challenge, it is an important opportunity for Canada.",0.98
REL-edd7271f2e9b287450f3,DOC034,document_mentions_location,Canada,DOC034,DOC034-C0072,"Canada has undertaken extensive public education and information-transfer 153 initiatives, including measures in the area of technology demonstra- tion, evaluation and transfer.",0.98
REL-b5c4dfc3e9b315154732,DOC034,document_mentions_location,Canada,DOC034,DOC034-C0073,"Canada, Environment Canada will enhance its ongoing program of in- spections, information exchange and investigations leading to vigorous enforcement of environmental regulations.",0.98
REL-6c5f4c17e8f3e4dc2051,DOC034,document_mentions_location,Canada,DOC034,DOC034-C0074,"■ Introduction The federal government is the largest single ""business"" in Canada, with expenditures of $125 billion and over 585,000 public servants and employees of Crown corporations.",0.98
REL-b1f73e5dce8d5e74e563,DOC034,document_mentions_location,Canada,DOC034,DOC034-C0075,"Gelfand, Calgary, Alberta, Green Plan Consultations ■ Early in 1991, the Government of Canada will begin a compre- hensive review of the environmental implications of existing statutes, policies, programs and regulations, and will propose modifications as necessary.",0.98
REL-bf21855818af1685ed70,DOC034,document_mentions_location,Canada,DOC034,DOC034-C0076,"Gelfand, Calgary, Alberta, Green Plan Consultations ■ Early in 1991, the Government of Canada will begin a compre- hensive review of the environmental implications of existing statutes, policies, programs and regulations, and will propose modifications as necessary.",0.98
REL-7d139b65e44f823f5e20,DOC034,document_mentions_location,Canada,DOC034,DOC034-C0077,Canada's Goal Is to Respond Quickly and Effectively to Threats Posed by Pollution Emergencies due to human activity and Naturally Occurring Environmental Emergencies.,0.98
REL-46ef6d5435297aa035ba,DOC034,document_mentions_location,Canada,DOC034,DOC034-C0078,Canada.,0.98
REL-b456bb18a7932b7adfae,DOC034,document_mentions_location,Canada,DOC034,DOC034-C0079,Canada.,0.98
REL-8844514c832a68139704,DOC034,document_mentions_location,Canada,DOC034,DOC034-C0080,Canada.,0.98
REL-aca48aecee9eacde0ee7,DOC034,document_mentions_location,Canada,DOC034,DOC034-C0081,"Canada will provide earlier detection, better pre- diction and more timely warnings of severe weather events and of major airborne pollution emergencies such as volcanic erup- tions and nuclear accidents.",0.98
REL-118f5af5f053b4ef2f8f,DOC034,document_mentions_location,Great Lakes,DOC034,DOC034-C0004,Great Lakes and the St.,0.98
REL-fd81b4547ca305f47282,DOC034,document_mentions_location,Great Lakes,DOC034,DOC034-C0007,"Great Lakes, and a marked decline in concentrations of several major air pollutants.",0.98
REL-ae70ca23f8c12731ea46,DOC034,document_mentions_location,Great Lakes,DOC034,DOC034-C0013,Great Lakes; and the development of national guidelines on matters such as drinking water quality.,0.98
REL-743351b772c913bee55d,DOC034,document_mentions_location,Great Lakes,DOC034,DOC034-C0014,■ Of concern are native populations in the Great Lakes basin.,0.98
REL-8ec3b6a319e0cfd66400,DOC034,document_mentions_location,Great Lakes,DOC034,DOC034-C0015,Great Lakes basin.,0.98
REL-40f9cf85ea6e4ae3a0c1,DOC034,document_mentions_location,Great Lakes,DOC034,DOC034-C0016,"Great Lakes is the largest freshwater system in the world, acting as a reservoir for 20 per cent of the globe's stored freshwater.",0.98
REL-4e1f99a96bf07be547d6,DOC034,document_mentions_location,Great Lakes,DOC034,DOC034-C0018,Great Lakes and the St.,0.98
REL-b7c754b2185f53b3f415,DOC034,document_mentions_location,Great Lakes,DOC034,DOC034-C0019,Great Lakes and the St.,0.98
REL-fa138ca5c0fa1d2e0517,DOC034,document_mentions_location,Great Lakes,DOC034,DOC034-C0022,Great Lakes and St.,0.98
REL-c3ebee1188da336387da,DOC034,document_mentions_location,Great Lakes,DOC034,DOC034-C0042,Great Lakes Deep-Water Sculpin Lake Simcoe Whitefish Margined Madtom Shorthead Sculpin Slaortjaw Cisco Shortnose Cisco V Plants American Chestnut American Waterwillow Athabasca Thrift Blue Ash Bluehearts Colicroot Giant Helleborine,0.98
REL-ed3ee332df70b9ee0126,DOC034,document_mentions_location,Great Lakes,DOC034,DOC034-C0048,Great Lakes winter ice system may disappear.,0.98
REL-fca58f1a14c76fe122ec,DOC034,document_mentions_location,Great Lakes,DOC034,DOC034-C0053,Great Lakes and St.,0.98
REL-473481fdabbf4e59da9c,DOC034,document_mentions_location,Great Lakes,DOC034,DOC034-C0054,Great Lakes and St.,0.98
REL-cb079f8d9805b636b060,DOC034,document_mentions_location,Great Lakes,DOC034,DOC034-C0061,Great Lakes pollution prevention.,0.98
REL-c92779e7f243597026a8,DOC034,document_mentions_location,Great Lakes,DOC034,DOC034-C0069,"Great Lakes and for their investigation of contamination of the Arctic, acid rain, climate change and numerous other pioneering endeavours.",0.98
REL-c40d280e73abd1c63489,DOC034,document_mentions_location,Great Lakes,DOC034,DOC034-C0078,other 4% 1) Great Lakes A.,0.98
REL-e7b2f1dd782c95327eee,DOC034,document_mentions_location,North America,DOC034,DOC034-C0022,"North America, is proceeding.",0.98
REL-633012c6395e65048ede,DOC034,document_mentions_location,North America,DOC034,DOC034-C0047,"North America's temperature increase will also be greater than the global mean, probably bringing in its wake less summer rainfall and reduced soil moisture.",0.98
REL-0f52eecf94c83562e279,DOC034,document_mentions_location,North America,DOC034,DOC034-C0061,North America and Europe in the environmental field.,0.98
REL-ec2f21cf4a5457a051a0,DOC034,document_mentions_location,United States,DOC034,DOC034-C0016,United States have brought excessive-nutrient-level problems under control.,0.98
REL-42cd41bfccb8787108ed,DOC034,document_mentions_location,United States,DOC034,DOC034-C0018,United States to devel- op a bilateral action plan for comprehensive pollution preven- tion in the Great Lakes and St.,0.98
REL-71927b78a89a08969087,DOC034,document_mentions_location,United States,DOC034,DOC034-C0019,United States to devel- op a bilateral action plan for comprehensive pollution preven- tion in the Great Lakes and St.,0.98
REL-941632acfaf88d3eaafd,DOC034,document_mentions_location,United States,DOC034,DOC034-C0022,United States concluded that the only prudent course was to set a long-term goal to virtually eliminate discharges of persis- tent toxic chemicals.,0.98
REL-4dd4b5eebe928d55b0fe,DOC034,document_mentions_location,United States,DOC034,DOC034-C0025,United States.,0.98
REL-db85fede1e40e79a8409,DOC034,document_mentions_location,United States,DOC034,DOC034-C0026,United States to ensure that the transboundary aspects of the problem are dealt with.,0.98
REL-6413e63dae2c2ab057e2,DOC034,document_mentions_location,United States,DOC034,DOC034-C0027,U.S. Congress.,0.98
REL-96dce6730f8958c444e2,DOC034,document_mentions_location,United States,DOC034,DOC034-C0028,U.S. contribution to the Canadian ozone problem.,0.98
REL-4998c6ed636ca977d924,DOC034,document_mentions_location,United States,DOC034,DOC034-C0041,"United States, together with provincial, territorial and state governments and many other partners from the private sector, co-operate to deal with wetlands of continental importance.",0.98
REL-127d792be156c47ee0c8,DOC034,document_mentions_location,United States,DOC034,DOC034-C0056,"United States, the Soviet Union, Japan and Europe to ensure that global solutions to the ozone depletion problem are developed.",0.98
REL-7606fd171e340c7f2999,DOC034,document_mentions_location,United States,DOC034,DOC034-C0057,U.S. border.,0.98
REL-9b280484b6e6e20c93d0,DOC034,document_mentions_location,United States,DOC034,DOC034-C0058,■ All evidence indicates that Canadian and U.S. acid rain control programs will solve Canada's acid rain problem.,0.98
REL-0a3595ca284eb1c41040,DOC034,document_mentions_location,United States,DOC034,DOC034-C0059,United States.,0.98
REL-60e7bd0be08211aadc9e,DOC034,document_mentions_location,United States,DOC034,DOC034-C0061,United States.,0.98
REL-19512d608ba4a757e906,DOC034,document_mentions_location,United States,DOC034,DOC034-C0062,"United States and Mexico, Canada will also explore ways to strengthen co-operation on continental environmental issues such as long-range transboundary air pollution, toxic chemicals and migratory birds and mammals.",0.98
REL-8fe7615f6d340e44f8cc,DOC034,document_mentions_location,United States,DOC034,DOC034-C0077,"United States, Denmark and the Soviet Union regarding co-operation on oil spills.",0.98
REL-199ba4c95da5d2b374da,DOC035,document_mentions_location,Canada,DOC035,DOC035-C0005,"Canada water bodies receive indirect protection through measures/acts at a federal level through the Ca nada Wildlife Act, Fisheries Act, Migratory Birds Convention Act, Species at Risk Act and Canadian Environmental Assessmen",0.98
REL-56689e8cb6fb2d81cd45,DOC035,document_mentions_location,United States,DOC035,DOC035-C0005,United States Environmental Protection Agency).,0.98
REL-85619a3eaa4de440afc1,DOC035,document_mentions_location,United States,DOC035,DOC035-C0006,United States Environmental Protection Agency).,0.98
REL-0d07ed464a9543ab9612,DOC001,document_mentions_species,Hydrilla,DOC001,DOC001-C0069,"hydrilla (Hydrilla verticillata ), and didymo ( Didymosphenia geminata), also known as rock snot.",0.98
REL-d2e7135048518a3f44d7,DOC001,document_mentions_species,Invasive carp,DOC001,DOC001-C0069,"Asian carp (i.e., bighead (Hypophthalmichthys nobilis)) and silver carp (Hypophthalmichthys molitrix ), hydrilla (Hydrilla verticillata ), and didymo ( Didymosphenia geminata), also known as rock snot.",0.98
REL-469d120012ca7979c2fc,DOC001,document_mentions_species,Lake sturgeon,DOC001,DOC001-C0067,Lake sturgeon (Acipenser fulvescens) ✦ Alabama shad (Alosa alabamae) ✦ Skipjack herring (Alosa chrysochloris) ✦ Western sand darter (Ammocrypta clara) ✦ Scaly sand darter (Ammocrypta vivax) ✦ American eel (Anguilla rostrata) ✦ Alliga,0.98
REL-b670a0793e2028f6a6eb,DOC001,document_mentions_species,Lake sturgeon,DOC001,DOC001-C0068,Lake sturgeon (Acipenser fulvescens) ✦ Alabama shad (Alosa alabamae) ✦ Skipjack herring (Alosa chrysochloris) ✦ Western sand darter (Ammocrypta clara) ✦ Scaly sand darter (Ammocrypta vivax) ✦ American eel (Anguilla rostrata) ✦ Alliga,0.98
REL-53c69cd3b8ec8778af1d,DOC001,document_mentions_species,Lake sturgeon,DOC001,DOC001-C0081,Lake sturgeon SE S1 X Rivers/Streams (Big River) - Fish Alosa alabamae Alabama shad - S2 X Rivers/Streams (Big River) - Fish Alosa chrysochloris Skipjack herring - - X Rivers/Streams (Big River) - Fish Ammocrypta clara Western sand d,0.98
REL-c401f8fb767c4970c172,DOC001,document_mentions_species,Mallard,DOC001,DOC001-C0019,"✦ Many migratory species, such as mallards and other dabbling ducks, rely on temperature cues to signal northward and southward migration each year.",0.98
REL-ea1529b7d336f92d696c,DOC001,document_mentions_species,Mallard,DOC001,DOC001-C0063,"mallards, as well as digger crayfish and small-mouthed salamanders.",0.98
REL-a8af66ece73de96bc49e,DOC001,document_mentions_species,Pallid sturgeon,DOC001,DOC001-C0068,Pallid sturgeon (Scaphirhynchus albus) ✦ Shovelnose sturgeon (Scaphirhynchus platorynchus) Amphibians Characteristic: Fowler’s toad (Bufo fowleri) ✦ Eastern hellbender (Cryptobranchus alleganiensis alleganiensis) ✦ Ozark hellbender (Cr,0.98
REL-bc65a7959dee1bd420fb,DOC001,document_mentions_species,Pallid sturgeon,DOC001,DOC001-C0072,pallid sturgeon was listed as federally endangered,0.98
REL-bfb2946f211b887cee60,DOC001,document_mentions_species,Pallid sturgeon,DOC001,DOC001-C0082,"Pallid sturgeon E, SE S1 X Rivers/Streams (Big River) - Fish Scaphirhynchus platorynchus Shovelnose sturgeon T - X Rivers/Streams (Big River) - Fish Etheostoma microperca Least darter - S2 - Rivers/Streams (Grassland/Prairie) Ozark Fis",0.98
REL-6fd5467e7597365ac298,DOC001,document_mentions_species,Quagga mussel,DOC001,DOC001-C0069,"quagga mussels ( Dreissena bugensis), Asian carp (i.e., bighead (Hypophthalmichthys nobilis)) and silver carp (Hypophthalmichthys molitrix ), hydrilla (Hydrilla verticillata ), and didymo ( Didymosphenia geminata), also known as rock",0.98
REL-28cbc92d4e5441f16314,DOC001,document_mentions_species,Silver carp,DOC001,DOC001-C0069,"silver carp (Hypophthalmichthys molitrix ), hydrilla (Hydrilla verticillata ), and didymo ( Didymosphenia geminata), also known as rock snot.",0.98
REL-2e0f5595e12603aef3b4,DOC001,document_mentions_species,Wood duck,DOC001,DOC001-C0065,"Wood Duck Page 138 Fen F ens are hydrologically and biologically unique wetlands found in the Ozark Highlands and Central Till Plains ecoregions, created by constant, mineralized groundwater.",0.98
REL-3c42d3187b365db1d777,DOC001,document_mentions_species,Zebra mussel,DOC001,DOC001-C0069,"zebra mussels (Dreissena polymor - pha), quagga mussels ( Dreissena bugensis), Asian carp (i.e., bighead (Hypophthalmichthys nobilis)) and silver carp (Hypophthalmichthys molitrix ), hydrilla (Hydrilla verticillata ), and didymo ( Di",0.98
REL-f23e80ad3c0e4b2bd565,DOC003,document_mentions_species,Blue-winged teal,DOC003,DOC003-C0016,"blue-winged teal, cinnamon teal, and northern shoveler.",0.98
REL-4ec112904788f11782ee,DOC003,document_mentions_species,Canada goose,DOC003,DOC003-C0003,Canada Geese .,0.98
REL-10740bbc61b5ddb9f116,DOC003,document_mentions_species,Canada goose,DOC003,DOC003-C0014,"Canada geese, remain well below Plan goals.",0.98
REL-8b0cdf572fc7bdd46639,DOC003,document_mentions_species,Canada goose,DOC003,DOC003-C0015,"Canada geese, remain well below Plan goals.",0.98
REL-47a5db479cf9bc91983f,DOC003,document_mentions_species,Canada goose,DOC003,DOC003-C0017,"Canada geese, snow geese, white- fronted geese,",0.98
REL-fe17f0f1636ae774e5bb,DOC003,document_mentions_species,Canada goose,DOC003,DOC003-C0018,"Canada geese, snow geese, white- fronted geese, and brant.",0.98
REL-f157f87b7712394564a7,DOC003,document_mentions_species,Canada goose,DOC003,DOC003-C0019,Canada Geese Nine Canada goose populations currently exceed Plan objectives.,0.98
REL-ecb6d4bab8ef3d89df13,DOC003,document_mentions_species,Canada goose,DOC003,DOC003-C0020,Canada goose re- introductions.,0.98
REL-a46189f78922831a3cb5,DOC003,document_mentions_species,Mallard,DOC003,DOC003-C0011,"Mallards — SEMARNAP Toward Landscape Conservation The Vision Plan partners define the landscape conditions needed to sustain waterfowl and benefit other wetland-associated species, and participate in the development of conservat",0.98
REL-9a73b39b94bc53085bd3,DOC003,document_mentions_species,Mallard,DOC003,DOC003-C0015,"Mallard 11,000 8,199 Northern pintail 7,000 5,596 Black duck 1,400 30 Mottled duck 480 not applicable Gadwall 2,000 1,518 American wigeon 3,500 2,974 Green-winged teal 3,000 1,858 Blue-winged and cinnamon teal 6,000 4,653 North",0.98
REL-fcfd6bdb61a86d3e67ec,DOC003,document_mentions_species,Mallard,DOC003,DOC003-C0016,"mallard, black duck, mottled duck, American wigeon, northern pintail, gadwall, green- winged teal, blue-winged teal, cinnamon teal, and northern shoveler.",0.98
REL-315f0e9dd39679b9cdf9,DOC003,document_mentions_species,Mallard,DOC003,DOC003-C0017,"mallards, and hunting mortality.",0.98
REL-d6d05ad616f5056e2abd,DOC003,document_mentions_species,Northern pintail,DOC003,DOC003-C0014,"northern pintail, have not responded to habitat improvements and seemingly excellent habitat conditions.",0.98
REL-91286594804713cffe64,DOC003,document_mentions_species,Northern pintail,DOC003,DOC003-C0015,"northern pintail, have not responded to habitat improvements and seemingly excellent habitat conditions.",0.98
REL-37d705b62fa0108f5044,DOC003,document_mentions_species,Northern pintail,DOC003,DOC003-C0016,"northern pintail, gadwall, green- winged teal, blue-winged teal, cinnamon teal, and northern shoveler.",0.98
REL-58634c6d22776c7aeab9,DOC003,document_mentions_species,Wood duck,DOC003,DOC003-C0015,"Wood duck 3,000 not applicable Muscovy duck 30 not applicable Fulvous and black-bellied whistling ducks 136 not applicable DIVING DUCKS Redhead 900 639 Canvasback 600 542 Lesser and greater scaup 8,000 6,302 Ring-necked duck 1,00",0.98
REL-511a6cbe28cade1fdf7a,DOC003,document_mentions_species,Wood duck,DOC003,DOC003-C0016,"Wood duck 3,000 not applicable Muscovy duck 30 not applicable Fulvous and black-bellied whistling ducks 136 not applicable DIVING DUCKS Redhead 900 639 Canvasback 600 542 Lesser and greater scaup 8,000 6,302 Ring-necked duck 1,00",0.98
REL-3f903702a0a48c301a5a,DOC003,document_mentions_species,Wood duck,DOC003,DOC003-C0017,"wood duck occurs primarily in eastern North America, and generally inhabits areas with dense overhead cover.",0.98
REL-d0e11ea17d2cdcb0eab8,DOC004,document_mentions_species,American black duck,DOC004,DOC004-C0002,American Black Duck.,0.98
REL-40a17331dfce905f8801,DOC004,document_mentions_species,Mallard,DOC004,DOC004-C0002,Mallard.,0.98
REL-557a51e3bc079ec3c698,DOC004,document_mentions_species,Northern pintail,DOC004,DOC004-C0001,Northern Pintail.,0.98
REL-c8cfb70053b3cd66830f,DOC005,document_mentions_species,Asian clam,DOC005,DOC005-C0009,"Mollusks: dressenid mussels, New Zealand mudsnail, Rapana venosa (rapa whelk), Corbicula fluminea (Asian clam); •",0.98
REL-03c4e783aaff09e4dc27,DOC005,document_mentions_species,Asian clam,DOC005,DOC005-C0016,Asian clam has also been widely reported to the database in 6 of the 7 HUC 6 drainage areas.,0.98
REL-cb451ed98b582b019999,DOC005,document_mentions_species,Asian clam,DOC005,DOC005-C0017,Asian clam Corbicula fluminea ** ** ** ** ** * 1975 Asia Zebra mussel Dreissena polymorpha * 2002 Eurasia Quagga mussel Dreissena rostrifor- mis bugensis * * 2000s Eurasia Veined rapa whelk Rapana venosa * 1998 Western Pacific Chi,0.98
REL-dceb00336f3d5d2949f5,DOC005,document_mentions_species,Bighead carp,DOC005,DOC005-C0008,"nobilis (bighead carp), Monopterus albus (Asian swamp eel), Neogobius melanostomus (round goby), Potamopyrgus antipodarum (New Zealand mud snail), Aldrovanda vesiculosa (waterwheel), Eichhornia crassipes (com- mon water hyacinth), Glyceria m",0.98
REL-c4ba82b082dbc3e6ff06,DOC005,document_mentions_species,Bighead carp,DOC005,DOC005-C0009,"nobilis (bighead carp), Monopterus albus (Asian swamp eel), Neogobius melanostomus (round goby), Potamopyrgus antipodarum (New Zealand mud snail), Aldrovanda vesiculosa (waterwheel), Eichhornia crassipes (com- mon water hyacinth), Glyceria m",0.98
REL-18606130a415cda63d2d,DOC005,document_mentions_species,Black carp,DOC005,DOC005-C0009,"Fish: northern snakehead, Mylopharyngodon piceus (black carp), blue catfish; •",0.98
REL-09e1297f01860e7b928e,DOC005,document_mentions_species,Common carp,DOC005,DOC005-C0016,"common carp) and Carassius auratus (goldfish) have been reported, mostly in the upper region of the Chesapeake Bay drainage area, including the Susquehanna River and Potomac River drainage areas.",0.98
REL-3a5fd541b6f0d9dc80b6,DOC005,document_mentions_species,Common carp,DOC005,DOC005-C0017,Common carp Cyprinus carpio * * ** * ** Late 1800s Eurasia Northern snake- head Channa argus ** * ** * 2002 Asia Blue catfish Ictalurus furcatus * * * * 1970s Mississippi River Flathead catfish Pylodictis olivaris * * * * 1965 Miss,0.98
REL-41b907d1770da81a40bd,DOC005,document_mentions_species,Eurasian watermilfoil,DOC005,DOC005-C0015,"Eurasian watermilfoil, monoescious hydrilla, Trapa natans water chesnut, waterwheel plant, and Nitellopsis obtusa (starry stonewort).",0.98
REL-5f497dd4d1a859758f37,DOC005,document_mentions_species,Eurasian watermilfoil,DOC005,DOC005-C0016,"Eurasian watermilfoil, monoescious hydrilla, Trapa natans water chesnut, waterwheel plant, and Nitellopsis obtusa (starry stonewort).",0.98
REL-2ab27a70930893642dcc,DOC005,document_mentions_species,Hydrilla,DOC005,DOC005-C0002,"Hydrilla verticillata (hydrilla) and B, Trapa natans (water chestnut) ............................................................................................................10 6.",0.98
REL-255fe82efa39b43c0d26,DOC005,document_mentions_species,Hydrilla,DOC005,DOC005-C0003,"Invasive plants are among priority species, and Hydrilla verticillata (hydrilla) topped the list.",0.98
REL-dc6e0f4594cdbd5cc845,DOC005,document_mentions_species,Hydrilla,DOC005,DOC005-C0008,Hydrilla verticillata (hydrilla).,0.98
REL-91214cbe7b67a7ac9022,DOC005,document_mentions_species,Hydrilla,DOC005,DOC005-C0010,"(creeping prim- rose), water hyacinth, hydrilla, parrot-feather, and purple loosestrife.",0.98
REL-1125625b8edc9ea5939e,DOC005,document_mentions_species,Hydrilla,DOC005,DOC005-C0011,"Hydrilla verticillata (hydrilla) and B, Trapa natans (water chestnut) have been identified by stakeholder groups in the region as top priority invasive aquatic plant species in the Chesapeake Bay drainage area.",0.98
REL-ea1ccbc6f0d8db1b5c9c,DOC005,document_mentions_species,Hydrilla,DOC005,DOC005-C0012,"Aquatic plants: hydrilla, Eurasian milfoil, water chestnut; •",0.98
REL-520d3eb20b2224c7e766,DOC005,document_mentions_species,Hydrilla,DOC005,DOC005-C0013,hydrilla.,0.98
REL-8ab10abe48e35b6020d7,DOC005,document_mentions_species,Hydrilla,DOC005,DOC005-C0014,"hydrilla and inva- sive crayfish species, including the virile and rusty crayfishes (Fig.",0.98
REL-624a1957b8b3cf8523d8,DOC005,document_mentions_species,Hydrilla,DOC005,DOC005-C0015,"hydrilla, Trapa natans water chesnut, waterwheel plant, and Nitellopsis obtusa (starry stonewort).",0.98
REL-d9527fe6bef46e1c5fd2,DOC005,document_mentions_species,Hydrilla,DOC005,DOC005-C0016,"hydrilla, Trapa natans water chesnut, waterwheel plant, and Nitellopsis obtusa (starry stonewort).",0.98
REL-c938adc9f4d183706fa1,DOC005,document_mentions_species,Hydrilla,DOC005,DOC005-C0017,Hydrilla (monoescious) Hydrilla verticillata * * * * * 1980s Korea Water chestnut Trapa natans * * 1800s Eurasia Waterwheel plant Aldrovanda vesiculosa * 1990 Wide range (endangered in some areas) Starry stonewort Nitellopsis ob,0.98
REL-bc7507ed79b446f0b196,DOC005,document_mentions_species,Invasive carp,DOC005,DOC005-C0003,"Invasive carp, such as Hypophthalmichthys molatrix (silver carp), also received mention by multiple agencies (3 of the 10 stakeholder groups) because these fish represent priority AIS in nearby watersheds and a threat for introductio",0.98
REL-76add7ad61b293ef7466,DOC005,document_mentions_species,Invasive carp,DOC005,DOC005-C0010,"invasive carp and other species of concern in the Ohio River drainage area to the west, AIS in the Chesapeake drainage area also are of concern to West Virginia Division of Natural Resources (WV DNR) and other State agencies with inv",0.98
REL-f19e868f1f293e690c97,DOC005,document_mentions_species,Invasive carp,DOC005,DOC005-C0011,"invasive carp and other species of concern in the Ohio River drainage area to the west, AIS in the Chesapeake drainage area also are of concern to West Virginia Division of Natural Resources (WV DNR) and other State agencies with inv",0.98
REL-b2bf5be8e37bf27645e1,DOC005,document_mentions_species,Invasive carp,DOC005,DOC005-C0016,"Invasive carp, such as silver carp, were mentioned by multiple agencies (3 of the 10 stakeholder groups) because they represent a priority AIS in other nearby watersheds and a threat for introduction and dissemina- tion within the Ch",0.98
REL-a35f8df821fce9072d24,DOC005,document_mentions_species,Quagga mussel,DOC005,DOC005-C0012,"quagga mussel), rusty crayfish; •",0.98
REL-c4ce06c5259836c81e82,DOC005,document_mentions_species,Quagga mussel,DOC005,DOC005-C0014,quagga mussel) were identified by regional State and Federal agencies as aquatic “red flag” species of concern.,0.98
REL-f5c799b894b57c70a335,DOC005,document_mentions_species,Quagga mussel,DOC005,DOC005-C0016,"quagga mussel, veined rapa whelk, and Chinese mystery snail, although reports of these invertebrates are more sporadic than those for the crayfishes and Asian clam.",0.98
REL-7e492124bb3cefe5437e,DOC005,document_mentions_species,Quagga mussel,DOC005,DOC005-C0017,Quagga mussel Dreissena rostrifor- mis bugensis * * 2000s Eurasia Veined rapa whelk Rapana venosa * 1998 Western Pacific Chinese mystery snail Cipangopaludina chinensis * 1974 Southeast Asia 18 Aquatic Invasive Species in the Chesape,0.98
REL-580aed1921a4a1df3579,DOC005,document_mentions_species,Silver carp,DOC005,DOC005-C0003,"silver carp), also received mention by multiple agencies (3 of the 10 stakeholder groups) because these fish represent priority AIS in nearby watersheds and a threat for introduction and dis- semination within the Chesapeake Bay wa",0.98
REL-dfa0769eea727e3bb1ec,DOC005,document_mentions_species,Silver carp,DOC005,DOC005-C0008,"Red alert freshwater species lists include Hypophthalmichthys molitrix (silver carp), H.",0.98
REL-2815a4a3c564a5470cee,DOC005,document_mentions_species,Silver carp,DOC005,DOC005-C0009,"Red alert freshwater species lists include Hypophthalmichthys molitrix (silver carp), H.",0.98
REL-85216cea2f6c8cc39bc0,DOC005,document_mentions_species,Silver carp,DOC005,DOC005-C0016,"silver carp, were mentioned by multiple agencies (3 of the 10 stakeholder groups) because they represent a priority AIS in other nearby watersheds and a threat for introduction and dissemina- tion within the Chesapeake Bay watershe",0.98
REL-f8d47a169e92aa4dad08,DOC005,document_mentions_species,Zebra mussel,DOC005,DOC005-C0002,Zebra mussel) ..................................13 7.,0.98
REL-39f541696c04b0d48f53,DOC005,document_mentions_species,Zebra mussel,DOC005,DOC005-C0008,zebra mussel); and plants such as Hydrilla verticillata (hydrilla).,0.98
REL-573501c29b39947e581b,DOC005,document_mentions_species,Zebra mussel,DOC005,DOC005-C0011,zebra mussels; •,0.98
REL-80fd98e01d16c011350f,DOC005,document_mentions_species,Zebra mussel,DOC005,DOC005-C0012,"Aquatic invertebrates: New Zealand mud snail, zebra mussel, (Fig.",0.98
REL-8497ecae8700fa8660ba,DOC005,document_mentions_species,Zebra mussel,DOC005,DOC005-C0014,"zebra mussel, pictured here) and Dreissena rostriformis bugensis (quagga mussel) were identified by regional State and Federal agencies as aquatic “red flag” species of concern.",0.98
REL-fa50a66077917d2c657f,DOC005,document_mentions_species,Zebra mussel,DOC005,DOC005-C0016,"zebra mussel, quagga mussel, veined rapa whelk, and Chinese mystery snail, although reports of these invertebrates are more sporadic than those for the crayfishes and Asian clam.",0.98
REL-460a4c6da06d01849ba2,DOC005,document_mentions_species,Zebra mussel,DOC005,DOC005-C0017,Zebra mussel Dreissena polymorpha * 2002 Eurasia Quagga mussel Dreissena rostrifor- mis bugensis * * 2000s Eurasia Veined rapa whelk Rapana venosa * 1998 Western Pacific Chinese mystery snail Cipangopaludina chinensis * 1974 Southea,0.98
REL-1e03639e7a5df8cde6d8,DOC006,document_mentions_species,Asian clam,DOC006,DOC006-C0002,"Asian clam fouling of raw water pipes in penstocks, heat exchangers and water cooling systems.",0.98
REL-cea0fbe5ab2d01408160,DOC006,document_mentions_species,Eurasian watermilfoil,DOC006,DOC006-C0002,"Eurasian watermilfoil, water hyacinth, water lettuce, and giant salvinia) obstruct flood control structures, water supply and irrigation intakes, reduce recreational opportunities, clog navigation channels, reduce functionality of miter gate",0.98
REL-9d403c0b9a6acdac4b74,DOC006,document_mentions_species,Eurasian watermilfoil,DOC006,DOC006-C0005,"Eurasian watermilfoil and watermilfoil hybrids, flowering rush, yellow and crested floating heart, water chestnut, water primrose, alligatorweed, phragmites, Cuban bulrush, water hyacinth, water lettuce, giant salvinia, and starry stonewort.",0.98
REL-34d6c5658578ae9d451a,DOC006,document_mentions_species,Eurasian watermilfoil,DOC006,DOC006-C0006,Eurasian watermilfoil.,0.98
REL-b2be5a0aa090a6f1d5d2,DOC006,document_mentions_species,Hydrilla,DOC006,DOC006-C0002,"hydrilla, Eurasian watermilfoil, water hyacinth, water lettuce, and giant salvinia) obstruct flood control structures, water supply and irrigation intakes, reduce recreational opportunities, clog navigation channels, reduce func",0.98
REL-e4a69bb544f4b35c5ad7,DOC006,document_mentions_species,Hydrilla,DOC006,DOC006-C0005,"hydrilla, Eurasian watermilfoil and watermilfoil hybrids, flowering rush, yellow and crested floating heart, water chestnut, water primrose, alligatorweed, phragmites, Cuban bulrush, water hyacinth, water lettuce, giant salvinia",0.98
REL-eeb703f86d87a39277e3,DOC006,document_mentions_species,Hydrilla,DOC006,DOC006-C0006,"hydrilla, phragmites, flowering rush, and yellow and crested floating hearts.",0.98
REL-4a85ff9aae1d2426a264,DOC006,document_mentions_species,Hydrilla,DOC006,DOC006-C0007,"hydrilla biomass and tuber numbers have been reduced by 98 and >99%, respectively.",0.98
REL-c5f2122e1aa377f06e45,DOC006,document_mentions_species,Invasive carp,DOC006,DOC006-C0001,Asian carp and zebra mussels as part of the ongoing activities of the ERDC.,0.98
REL-05dff94d89e646bd4057,DOC006,document_mentions_species,Invasive carp,DOC006,DOC006-C0002,"Asian carp, sea lamprey, and suckermouth catfish are examples of invasive fish species present on USACE projects that require implementation of prevention or management strategies to mitigate impacts to operations (navigation, eco",0.98
REL-3773e54f8cf6bfd45c76,DOC006,document_mentions_species,Invasive carp,DOC006,DOC006-C0003,"Asian carp, sea lamprey), mussels (e.g., zebra and quagga mussels), and harmful algal bloom species.",0.98
REL-ea15306b6fa91f783769,DOC006,document_mentions_species,Invasive carp,DOC006,DOC006-C0004," Hydraulic Barriers: Studies to assess Asian carp swim performance, jumping abilities, fecundity, and population dynamics and understanding how environmental factors (water quality) can influence carp movement has provided an improved understanding of the biology and p",0.98
REL-e2d1c8a62efd78e4deb7,DOC006,document_mentions_species,Quagga mussel,DOC006,DOC006-C0002,"quagga mussels, also known collectively as Dreissenid mussels) are problem AIS for USACE.",0.98
REL-81a9ab180af9dc7e855a,DOC006,document_mentions_species,Quagga mussel,DOC006,DOC006-C0003,"quagga mussels), and harmful algal bloom species.",0.98
REL-8eb3381b9ed7f106f485,DOC006,document_mentions_species,Silver carp,DOC006,DOC006-C0004,silver carp) to salinity will provide much needed information about salinity tolerance of these species and their ability to survive in brackish ecosystems.,0.98
REL-6c2c381401a5fab60b16,DOC006,document_mentions_species,Zebra mussel,DOC006,DOC006-C0001,zebra mussels as part of the ongoing activities of the ERDC.,0.98
REL-242077a9df0edf938281,DOC006,document_mentions_species,Zebra mussel,DOC006,DOC006-C0002,"A recent survey found that 61% of responding Districts within the continental United States, reported zebra mussels in USACE managed waters (Hay et al.",0.98
REL-3e4ec1cd0dac657cc95a,DOC006,document_mentions_species,Zebra mussel,DOC006,DOC006-C0003,"Zebra Mussel Research Program, and addresses all invasive aquatic animals as well as cyanobacteria.",0.98
REL-52c76ec99dc61e9725c0,DOC006,document_mentions_species,Zebra mussel,DOC006,DOC006-C0004,Zebra Mussel Research: Current antifouling techniques are limited to physical or mechanical removal of mussels from infrastructure and many of the existing coating technologies are not suitable for USACE hydraulic steel structures.,0.98
REL-721d8178ec25dc45be41,DOC007,document_mentions_species,Invasive carp,DOC007,DOC007-C0003,Invasive Carp Regional Coordinating Committee Western Weed Coordinating Committee NATIONAL GROUPS Aquatic Nuisance Species Task Force Federal Interagency Committee on the Management of Noxious and Exotic Weeds Interagency Committee o,0.98
REL-e690dce29aa7409b7a9e,DOC007,document_mentions_species,Invasive carp,DOC007,DOC007-C0004,"invasive carp (e.g., deterrents), invasive mosquitoes (e.g., incompatible insect technique), Phragmites (e.g., microbial control), rodents (e.g., eradication feasibility assessments), tamarisk (e.g., biological control), quagga and z",0.98
REL-9879e9437a4c678c711c,DOC007,document_mentions_species,Invasive carp,DOC007,DOC007-C0006,invasive carp spread.,0.98
REL-e318994ba6a14c8950ae,DOC007,document_mentions_species,Invasive carp,DOC007,DOC007-C0007,invasive carp spread.,0.98
REL-c215f10fb0634967a2db,DOC007,document_mentions_species,Quagga mussel,DOC007,DOC007-C0006,QUAGGA MUSSELS PROBLEM Nutria damage levees and irrigation systems and destroy wetland ecosystems by consuming native vegetation and destabilizing soil.,0.98
REL-e4a5d17b45fb65045441,DOC007,document_mentions_species,Quagga mussel,DOC007,DOC007-C0007,QUAGGA MUSSELS PROBLEM Nutria damage levees and irrigation systems and destroy wetland ecosystems by consuming native vegetation and destabilizing soil.,0.98
REL-0915e5bb21564ac7aa74,DOC007,document_mentions_species,Zebra mussel,DOC007,DOC007-C0003,Zebra Mussel Action Plan Outcome: Effective partnerships used the best available information and leveraged resources to address national and regional invasive species priorities efficiently and effectively.,0.98
REL-19d599ed701bd074b584,DOC007,document_mentions_species,Zebra mussel,DOC007,DOC007-C0004,"zebra mussels (e.g., ultraviolet light treatment) (see Field Notes) Prioritized projects with high likelihood of success so that limited resources were used wisely Invasive species eradication on islands (e.g., fox eradication valida",0.98
REL-706d8090e857c56237c5,DOC007,document_mentions_species,Zebra mussel,DOC007,DOC007-C0005,"zebra mussel, a highly destructive aquatic invasive species.",0.98
REL-bf6ebf524d941d8df6a4,DOC007,document_mentions_species,Zebra mussel,DOC007,DOC007-C0007,"zebra mussels clog water infrastructure, impair recreation, and damage ecosystems, causing billions in maintenance and mitigation costs.",0.98
REL-bd9c434adba6ba9fcc16,DOC008,document_mentions_species,Invasive carp,DOC008,DOC008-C0003,Invasive Carp Regional Coordinating Committee Western Weed Coordinating Committee NATIONAL GROUPS Aquatic Nuisance Species Task Force Federal Interagency Committee on the Management of Noxious and Exotic Weeds Interagency Committee o,0.98
REL-d06510a156a8e40fc291,DOC008,document_mentions_species,Invasive carp,DOC008,DOC008-C0004,"invasive carp (e.g., deterrents), invasive mosquitoes (e.g., incompatible insect technique), Phragmites (e.g., microbial control), rodents (e.g., eradication feasibility assessments), tamarisk (e.g., biological control), quagga and z",0.98
REL-bd881fa15b2622527868,DOC008,document_mentions_species,Invasive carp,DOC008,DOC008-C0006,invasive carp spread.,0.98
REL-65ccddcc46361e6c48e4,DOC008,document_mentions_species,Invasive carp,DOC008,DOC008-C0007,invasive carp spread.,0.98
REL-bbee545ed49978e844fc,DOC008,document_mentions_species,Quagga mussel,DOC008,DOC008-C0006,QUAGGA MUSSELS PROBLEM Nutria damage levees and irrigation systems and destroy wetland ecosystems by consuming native vegetation and destabilizing soil.,0.98
REL-6596edcb8020d19cdad1,DOC008,document_mentions_species,Quagga mussel,DOC008,DOC008-C0007,QUAGGA MUSSELS PROBLEM Nutria damage levees and irrigation systems and destroy wetland ecosystems by consuming native vegetation and destabilizing soil.,0.98
REL-f7f6901a3c8715310ae0,DOC008,document_mentions_species,Zebra mussel,DOC008,DOC008-C0003,Zebra Mussel Action Plan Outcome: Effective partnerships used the best available information and leveraged resources to address national and regional invasive species priorities efficiently and effectively.,0.98
REL-045de232ac0483949352,DOC008,document_mentions_species,Zebra mussel,DOC008,DOC008-C0004,"zebra mussels (e.g., ultraviolet light treatment) (see Field Notes) Prioritized projects with high likelihood of success so that limited resources were used wisely Invasive species eradication on islands (e.g., fox eradication valida",0.98
REL-f8746d19eca3f7440cc2,DOC008,document_mentions_species,Zebra mussel,DOC008,DOC008-C0005,"zebra mussel, a highly destructive aquatic invasive species.",0.98
REL-5b327e938df55166bc2b,DOC008,document_mentions_species,Zebra mussel,DOC008,DOC008-C0007,"zebra mussels clog water infrastructure, impair recreation, and damage ecosystems, causing billions in maintenance and mitigation costs.",0.98
REL-06f34a6a9f9c77bfd225,DOC009,document_mentions_species,Bighead carp,DOC009,DOC009-C0001,"Between the ongoing efforts to control sea lamprey in the Great Lakes to the decades -long fight against invasive silver and bighead carp, recreational and commercial fishers and boaters have a deep and challenging history with AIS.",0.98
REL-5dce1185e1c7a21c8320,DOC009,document_mentions_species,Hydrilla,DOC009,DOC009-C0001,"hydrilla, the many challenges that AIS pose come with a steep price tag: an est imated global economic cost of $345 billion since 1960 – nearly half of which has been incurred in North America.",0.98
REL-4d2d9505298482a30624,DOC009,document_mentions_species,Invasive carp,DOC009,DOC009-C0006,"Invasive Carp Regional Coo rdinating Committee) to coordinate invasive species management, science, policies, law enforcement, EDRR, education , and communications.",0.98
REL-640b4965c9fec577e3a9,DOC009,document_mentions_species,Invasive carp,DOC009,DOC009-C0008,invasive carp harvest and other harvest of AIS.,0.98
REL-9abf67f04017358bef38,DOC009,document_mentions_species,Invasive carp,DOC009,DOC009-C0009,invasive carp harvest and other harvest of AIS.,0.98
REL-4d90d1e312a08a25320f,DOC009,document_mentions_species,Quagga mussel,DOC009,DOC009-C0001,"quagga mussels, for example, can damage critical water and power infrastructure.",0.98
REL-26527844c0a0e962efec,DOC009,document_mentions_species,Silver carp,DOC009,DOC009-C0001,"silver carp to invertebrates like zebra mussels and nuisance plants like hydrilla, the many challenges that AIS pose come with a steep price tag: an est imated global economic cost of $345 billion since 1960 – nearly half of which",0.98
REL-5a09187acad09028f0c1,DOC009,document_mentions_species,Zebra mussel,DOC009,DOC009-C0001,"zebra mussels and nuisance plants like hydrilla, the many challenges that AIS pose come with a steep price tag: an est imated global economic cost of $345 billion since 1960 – nearly half of which has been incurred in North America.",0.98
REL-4f2f6fe16fd301664bbe,DOC009,document_mentions_species,Zebra mussel,DOC009,DOC009-C0004,zebra mussels and the use of eDNA for invasive species detections.,0.98
REL-c8b47ceb7f4ddcae49b8,DOC009,document_mentions_species,Zebra mussel,DOC009,DOC009-C0005,zebra mussels and the use of eDNA for invasive species detections.,0.98
REL-b89a3f6084228c6fd96a,DOC009,document_mentions_species,Zebra mussel,DOC009,DOC009-C0008,zebra mussels and other AIS from being transported in recreational watercraft and to make it easier and safer to inspect and decontaminate watercraft compartments and propulsion systems.,0.98
REL-8725559cf945f34101d4,DOC011,document_mentions_species,Quagga mussel,DOC011,DOC011-C0004,quagga mussel [ Dreissena polymorpha,0.98
REL-bfec5b4283ad5d280c60,DOC012,document_mentions_species,Bighead carp,DOC012,DOC012-C0002,"bighead carp), Mylopharyngodon piceus (black carp), Ctenopharyngodon idella (grass carp), and H.",0.98
REL-164b3a359162e21364ef,DOC012,document_mentions_species,Bighead carp,DOC012,DOC012-C0008,"bighead carp, grass carp, and black carp.",0.98
REL-75db59d2d9207281ecb3,DOC012,document_mentions_species,Black carp,DOC012,DOC012-C0002,"black carp), Ctenopharyngodon idella (grass carp), and H.",0.98
REL-05f64cf23f4faa172ef9,DOC012,document_mentions_species,Black carp,DOC012,DOC012-C0003,black carp and on other native and invasive species that may need to be addressed to inform deci- sions on newly conceived control tools.,0.98
REL-3b3ac6b0faeeba5f2a45,DOC012,document_mentions_species,Black carp,DOC012,DOC012-C0007,"Department of the Interior, 2022), such as the black carp’s threat to endan- gered mollusks, but they are also environmental engineers that change habitat (for example, removal of vegetation, or increased turbidity due to grass carp foraging) and disrupt food webs (for example",0.98
REL-f5d3a46eb5805d3b20ce,DOC012,document_mentions_species,Black carp,DOC012,DOC012-C0008,"Department of the Interior, 2022), such as the black carp’s threat to endan- gered mollusks, but they are also environmental engineers that change habitat (for example, removal of vegetation, or increased turbidity due to grass carp foraging) and disrupt food webs (for example",0.98
REL-23724023af468cd54aba,DOC012,document_mentions_species,Black carp,DOC012,DOC012-C0010,"black carp in North America until USGS risk assessments in the 2000s (Nico and others, 2005; Kolar and others, 2007).",0.98
REL-b47ffa42d5ccdf44b26c,DOC012,document_mentions_species,Black carp,DOC012,DOC012-C0012,"black carp so that it might be brought up to the level of understanding of bighead, grass, and silver carp.",0.98
REL-dc298e22741b8dd31c58,DOC012,document_mentions_species,Black carp,DOC012,DOC012-C0013,Black carp prey directly on highly endangered native unionid mussels.,0.98
REL-2369a051f238e6602584,DOC012,document_mentions_species,Grass carp,DOC012,DOC012-C0002,"grass carp), and H.",0.98
REL-e46fda2473538a3f8b4e,DOC012,document_mentions_species,Grass carp,DOC012,DOC012-C0003,grass carp in the Great Lakes and Upper Mississippi River Basins and for protection of subbasins of the Mississippi River for all four invasive carp species.,0.98
REL-d78f39d5a570ec6c9985,DOC012,document_mentions_species,Grass carp,DOC012,DOC012-C0004,"Grass Carp Advisory Committee, MICRA subbasin partnerships, and other work groups that may form during 2023–27.",0.98
REL-cd72cd67d65bdb14b2d9,DOC012,document_mentions_species,Grass carp,DOC012,DOC012-C0005,grass carp population and are coordinated by a well-established multijurisdictional fishery management structure.,0.98
REL-7f75546390cf0708463f,DOC012,document_mentions_species,Grass carp,DOC012,DOC012-C0007,"grass carp foraging) and disrupt food webs (for example, restructuring of the planktonic community by bigheaded carp).",0.98
REL-c0f648afa0e71a19917a,DOC012,document_mentions_species,Grass carp,DOC012,DOC012-C0008,"grass carp foraging) and disrupt food webs (for example, restructuring of the planktonic community by bigheaded carp).",0.98
REL-cefa518254c4497b77ac,DOC012,document_mentions_species,Grass carp,DOC012,DOC012-C0010,"grass carp introduc- tions to North America began in the 1970s (Michewicz and others, 1972; Stanley and others, 1978), but little scientific literature existed on the biology or potential effects of wild bigheaded carp or black ca",0.98
REL-79a2b65fc2e25c10294f,DOC012,document_mentions_species,Grass carp,DOC012,DOC012-C0012,"Early life history.—Over the previous 10 years, USGS research has provided greater understanding of the early life history of bigheaded carp and grass carp.",0.98
REL-2c0be3108e674e7ea2b9,DOC012,document_mentions_species,Grass carp,DOC012,DOC012-C0013,grass carp cause environmental changes that affect food webs and water quality.,0.98
REL-5757477b104ca8628836,DOC012,document_mentions_species,Invasive carp,DOC012,DOC012-C0002,"Geological Survey Invasive Carp Strategic Framework, 2023–27 By Duane Chapman, Jon Amberg, Robin Calfee, Enrika Hlavacek, Jon Hortness, P .",0.98
REL-e73d7f1fc69e05992cf4,DOC012,document_mentions_species,Invasive carp,DOC012,DOC012-C0003,invasive carp research.,0.98
REL-46efa669a975be19714c,DOC012,document_mentions_species,Invasive carp,DOC012,DOC012-C0004,"Invasive Carp Regional Coordinating Committee, the Great Lakes Grass Carp Advisory Committee, MICRA subbasin partnerships, and other work groups that may form during 2023–27.",0.98
REL-02ff9a9025cf9a407b2d,DOC012,document_mentions_species,Invasive carp,DOC012,DOC012-C0005,"invasive carp subbasin partnerships (that is, the inva- sive carp partnerships of the Upper Mississippi River; Lower Mississippi River; Missouri River; Ohio River; Tennessee and Cumberland Rivers; and Arkansas, Red, and White Rivers)",0.98
REL-9efbaef2c7fed35317e0,DOC012,document_mentions_species,Invasive carp,DOC012,DOC012-C0006,"2371—Consolidated Appropriations Act (Public Law 117–103) 1Congress included $120,000 of nonspecific appropriated funds in the budget for invasive carp research.",0.98
REL-bcce5165eab0e6acc53a,DOC012,document_mentions_species,Invasive carp,DOC012,DOC012-C0007,"invasive carp has overlap with, supports, and is supported by multiple USGS mission areas and programs.",0.98
REL-8e5c3cbd468c5bdbb8c7,DOC012,document_mentions_species,Invasive carp,DOC012,DOC012-C0008,Invasive carp might have direct effects on the Department of the Interior’s trust resources (U.S.,0.98
REL-ea517c460598e3b0e9e5,DOC012,document_mentions_species,Invasive carp,DOC012,DOC012-C0009,invasive carp.,0.98
REL-0788ec771d9c7aeabafc,DOC012,document_mentions_species,Invasive carp,DOC012,DOC012-C0010,"Geological Survey Invasive Carp Strategic Framework, 2023–27 Removal, Herding, and Aggregating Methods Removal is currently the primary method used by resource managers to address existing populations of invasive carp, and removal efforts have focused",0.98
REL-cdc56cda8af83332e355,DOC012,document_mentions_species,Invasive carp,DOC012,DOC012-C0012,Early detection and surveillance.—There are criti- cal needs for invasive carp research focused on early detection of carp invasion and on carp reproductive success in new areas.,0.98
REL-30ce58c7c4b3a40c770d,DOC012,document_mentions_species,Invasive carp,DOC012,DOC012-C0013,invasive carp abun- dance or biomass where control is undertaken.,0.98
REL-4688f1f0260c547e1bac,DOC012,document_mentions_species,Mallard,DOC012,DOC012-C0009,Mallard Lake near St.,0.98
REL-744b54ca5684fa9c6997,DOC012,document_mentions_species,Silver carp,DOC012,DOC012-C0002,silver carp to uninvaded waters and for reducing populations or effects of these species where they are present or established.,0.98
REL-d03862f501b1b94ca166,DOC012,document_mentions_species,Silver carp,DOC012,DOC012-C0003,silver carp.,0.98
REL-8e96fffd2a194162fb0b,DOC012,document_mentions_species,Silver carp,DOC012,DOC012-C0004,silver carp to (1) protect the Great Lakes and other uninvaded waters from these species and (2) reduce populations where they are present or established to minimize adverse effects.,0.98
REL-a169d84f7566be06d2de,DOC012,document_mentions_species,Silver carp,DOC012,DOC012-C0005,silver carp and reducing the grass carp population and are coordinated by a well-established multijurisdictional fishery management structure.,0.98
REL-c15268d3397aa3268ff1,DOC012,document_mentions_species,Silver carp,DOC012,DOC012-C0006,silver carp populations.,0.98
REL-f2c61415b10f8badcfb8,DOC012,document_mentions_species,Silver carp,DOC012,DOC012-C0008,silver carp.,0.98
REL-709813324eff7d402c7e,DOC012,document_mentions_species,Silver carp,DOC012,DOC012-C0010,"Geological Survey Invasive Carp Science Strategy Where We Have Been—Past Science Consolidation and Synthesis Before bighead, black, grass, and silver carp were imported to the United States, they were already among the most studied freshwater species because of their importance in aquaculture.",0.98
REL-966ede1451187b190792,DOC012,document_mentions_species,Silver carp,DOC012,DOC012-C0012,silver carp while assessing negative effects on move- ments of native species.,0.98
REL-fd0d25c35c2602706e39,DOC012,document_mentions_species,Silver carp,DOC012,DOC012-C0013,silver carp on native fishes.,0.98
REL-11c7b19b6243364dff3b,DOC013,document_mentions_species,American black duck,DOC013,DOC013-C0093,"American black duck, Blue-winged teal, Ruddy duck, Black-crowned night- heron, Glossy ibis, Eastern spadefoot, Red-shouldered hawk, Devil crawfi sh, Yellow rail, Fowler’s toad, Southern leopard frog, Northern harrier, Sedge wren, Short-ear",0.98
REL-8e50bc109245e425e5c7,DOC013,document_mentions_species,Blue-winged teal,DOC013,DOC013-C0056,” – Kansas Governor Kathleen Sebelius Blue-winged teal/Ken Brunson 98 Kansas Wildlife Action Plan structure of habitats over large areas; c) fragmentation and conversion of habitat is occurring; d) invasive exotic plants and animals are a problem; e) natural resource manage,0.98
REL-46c1ef5e74a9123bc4cf,DOC013,document_mentions_species,Blue-winged teal,DOC013,DOC013-C0093,"Blue-winged teal, Ruddy duck, Black-crowned night- heron, Glossy ibis, Eastern spadefoot, Red-shouldered hawk, Devil crawfi sh, Yellow rail, Fowler’s toad, Southern leopard frog, Northern harrier, Sedge wren, Short-eared owl, Queen snak",0.98
REL-58b05c19d8b3423f5138,DOC013,document_mentions_species,Canada goose,DOC013,DOC013-C0039,Overgrazing by snow geese and resident Canada geese •,0.98
REL-8032277b05d1908ae169,DOC013,document_mentions_species,Canada goose,DOC013,DOC013-C0040,Canada Geese is putting a strain on the District’s wet- land habitats.,0.98
REL-2afaf1059949e826bb92,DOC013,document_mentions_species,Canada goose,DOC013,DOC013-C0051,"Canada geese are doing well, while bobwhite are not.",0.98
REL-1f064753b189a9296d8f,DOC013,document_mentions_species,Eurasian watermilfoil,DOC013,DOC013-C0125,"Eurasian watermilfoil, purple loosestrife, common buckthorn, Japanese knotweed, Morrow’s honey- suckle, goutweed, black swallowwort, alewife and zebra mussels.",0.98
REL-6caa89d7eb95b33bd98e,DOC013,document_mentions_species,Invasive carp,DOC013,DOC013-C0051,Asian carp escaped from fi sh farms into the Mississippi River system.,0.98
REL-ca3dd102b5f5836ffc82,DOC013,document_mentions_species,Invasive carp,DOC013,DOC013-C0101,"Asian Carp and purple loosestrife, and the continued threat from a number of wildlife diseases such as West Nile Virus and rabies.",0.98
REL-fd38e6db243adfa8ec67,DOC013,document_mentions_species,Invasive carp,DOC013,DOC013-C0102,Asian carp continue to expand their range in the Sandhill crane/Ohio DNR Wildlife Total number of species Species of Conservation Concern* Threatened/endangered listed species Mussels 81 31 28 Snails 169 0 Crayfi sh 20 1 1 Insects,0.98
REL-ffb7fc1fcfec5e0b5423,DOC013,document_mentions_species,Invasive carp,DOC013,DOC013-C0134,"Asian carp), as well as, in the case of non-native animals, those that prey on or parasitize native species (e.g., feral cats).",0.98
REL-53d721ae40f72672540f,DOC013,document_mentions_species,Lake sturgeon,DOC013,DOC013-C0029,Lake sturgeon •,0.98
REL-e9a1867c7fa7c2cc1ea2,DOC013,document_mentions_species,Lake sturgeon,DOC013,DOC013-C0045,"” - Noel Holcomb, Commissioner, Georgia Department of Natural Resources Stocking Lake Sturgeon/Georgia DNR 75 Hawai’i snapshot Geography: The Hawaiian Islands are the most isolated archipelago in the world, situated more than 3200 km (2000 mi) from the nearest continent.",0.98
REL-ad7a69c0a07109f16ba8,DOC013,document_mentions_species,Lake sturgeon,DOC013,DOC013-C0053,Lake sturgeon/Indiana Wildlife Total Number of Species of Greatest Conservation Need* State Special Concern State Endangered Federal Threatened or Endangered or Candidate ** Mammals 22 15 7 2 Birds 40 12 28 5 Reptiles 18 2 16 2 Amphi,0.98
REL-9b94643c03911d4871b5,DOC013,document_mentions_species,Lake sturgeon,DOC013,DOC013-C0068,"Lake sturgeon grace Michigan’s waters, which also provide a backdrop for the unexpected beauty of more than 40 species of native mussels.",0.98
REL-568888d09827ad584f2f,DOC013,document_mentions_species,Lake sturgeon,DOC013,DOC013-C0069,Lake sturgeon •,0.98
REL-53af34ba1b4ade384312,DOC013,document_mentions_species,Lake sturgeon,DOC013,DOC013-C0070,"Lake sturgeon, Spectaclecase mussel, and the Eastern Timber wolf.",0.98
REL-3c11dce2cb67eeb5557b,DOC013,document_mentions_species,Lake sturgeon,DOC013,DOC013-C0102,Lake sturgeon •,0.98
REL-efbee128587f93607719,DOC013,document_mentions_species,Lake sturgeon,DOC013,DOC013-C0125,lake sturgeon.,0.98
REL-aac529ed13734d47a168,DOC013,document_mentions_species,Lake sturgeon,DOC013,DOC013-C0133,"lake sturgeon, bobolinks, wood turtles, American Wisconsin Wildlife Action Plan What is a wildlife action plan?",0.98
REL-02377d32b7533edc2833,DOC013,document_mentions_species,Lake sturgeon,DOC013,DOC013-C0135,Lake sturgeon •,0.98
REL-9fa2c59cb35eaa629bdb,DOC013,document_mentions_species,Mallard,DOC013,DOC013-C0041,"Mallards/USFWS 65 66 Kingman Wetlands/DCFWD State Contact Mary Pfaffko, Wildlife Biologist DC Fisheries & Wildlife Division 51 N Street, NE Washington, DC 20002 Tel: 202.262.8710 Mary.pfaffko@dc.gov doh.dc.gov/doh/cwpview,a,1374",0.98
REL-da894ecccdb09ebcc558,DOC013,document_mentions_species,Northern pintail,DOC013,DOC013-C0097,"Northern pintail, Ferruginous Hawk, Marbled godwit, Baird’s sparrow, Richardson’s Ground squirrel •",0.98
REL-169dee79c55591ef6259,DOC013,document_mentions_species,Northern pintail,DOC013,DOC013-C0104,Northern Pintail •,0.98
REL-1fec98352ce7c573a10a,DOC013,document_mentions_species,Pallid sturgeon,DOC013,DOC013-C0015,"Pallid sturgeon/Louisiana DWF “Like the resource it seeks to protect, wild- life conservation must be dynamic, changing as conditions change, seeking always to become more eff ective.",0.98
REL-8ce615b3d348141df693,DOC013,document_mentions_species,Pallid sturgeon,DOC013,DOC013-C0059,"Pallid sturgeon, Alabama shad Mussels: Elephantear, Orangefoot Pimpleback •",0.98
REL-f49df9e59d654aee3c7f,DOC013,document_mentions_species,Pallid sturgeon,DOC013,DOC013-C0060,"Pallid sturgeon, a species of conservation concern/LDWF 107 Louisiana Wildlife Action Plan Highlight habitats Wildlife (examples) Issue (examples) Action (examples) Eastern upland longleaf pine Forest Ownership: private and industrial",0.98
REL-f08628580459b9d7f266,DOC013,document_mentions_species,Pallid sturgeon,DOC013,DOC013-C0096,pallid sturgeon.,0.98
REL-525e1949366fa8baf516,DOC013,document_mentions_species,Pallid sturgeon,DOC013,DOC013-C0114,"pallid sturgeon, least terns, piping plovers, and bald eagles.",0.98
REL-19421a98ac55091d47fd,DOC013,document_mentions_species,Pallid sturgeon,DOC013,DOC013-C0115,"pallid sturgeon, piping plover, and interior least tern.",0.98
REL-3b1ad921dd091c82899b,DOC013,document_mentions_species,Wood duck,DOC013,DOC013-C0040,Wood duck •,0.98
REL-d2252d491f3bce8eaf12,DOC013,document_mentions_species,Wood duck,DOC013,DOC013-C0041,Wood duck •,0.98
REL-eaea0a10897ed4e9acf2,DOC013,document_mentions_species,Zebra mussel,DOC013,DOC013-C0012,"zebra mussels, may cost millions over the next ten years.",0.98
REL-bf32d98d051190b6e8c2,DOC013,document_mentions_species,Zebra mussel,DOC013,DOC013-C0013,"zebra mussels, may cost millions over the next ten years.",0.98
REL-879b7790414460110f2e,DOC013,document_mentions_species,Zebra mussel,DOC013,DOC013-C0069,zebra mussel.,0.98
REL-e5911a5fca5ed33dd956,DOC013,document_mentions_species,Zebra mussel,DOC013,DOC013-C0125,zebra mussels.,0.98
REL-f10c713bb8d3f89303d1,DOC014,document_mentions_species,American black duck,DOC014,DOC014-C0004,"American Black Duck, Mallard, Wood Duck, Common Goldeneye, Barrow’s Goldeneye and Common Eider (subspecies dresseri)—as well as 16 non-waterfowl priority bird species, including water birds, shorebirds and landbirds.",0.98
REL-af63dc72f7441b96f194,DOC014,document_mentions_species,American black duck,DOC014,DOC014-C0018,American Black Duck.,0.98
REL-72d9539cefe75f69d974,DOC014,document_mentions_species,Canada goose,DOC014,DOC014-C0001,Canada Geese.,0.98
REL-8f874127c5363d52c0da,DOC014,document_mentions_species,Canada goose,DOC014,DOC014-C0009,Canada Geese may also breed on site.,0.98
REL-fc338ae1f56c9b051c0f,DOC014,document_mentions_species,Canada goose,DOC014,DOC014-C0010,Canada Geese in Lower Wolf Creek.,0.98
REL-6e218e0be4644399b696,DOC014,document_mentions_species,Canada goose,DOC014,DOC014-C0011,Canada Geese in Lower Wolf Creek.,0.98
REL-b9771c022c25b6550fbd,DOC014,document_mentions_species,Canada goose,DOC014,DOC014-C0017,"Canada Geese on intertidal grazing lawn on Akimiski Island, Nunavut.",0.98
REL-ba1b066a844d7ba9dead,DOC014,document_mentions_species,Canada goose,DOC014,DOC014-C0019,Canada Geese in the Fraser River Estuary.,0.98
REL-004dd1d646458c0c1f16,DOC014,document_mentions_species,Mallard,DOC014,DOC014-C0004,"Mallard, Wood Duck, Common Goldeneye, Barrow’s Goldeneye and Common Eider (subspecies dresseri)—as well as 16 non-waterfowl priority bird species, including water birds, shorebirds and landbirds.",0.98
REL-da47ef1075ceac49f8ac,DOC014,document_mentions_species,Mallard,DOC014,DOC014-C0007,"Mallard, Cackling Goose, Snow Goose and Trumpeter Swan.",0.98
REL-99c8f496db9fbfb1da5c,DOC014,document_mentions_species,Mallard,DOC014,DOC014-C0008,"Mallard, Northern Pintail and American Wigeon, along with shorebirds and amphibians.",0.98
REL-693487b756c622eb5c92,DOC014,document_mentions_species,Mallard,DOC014,DOC014-C0009,"Mallard, Common Merganser and Barrow’s Goldeneye.",0.98
REL-156f0c0c7d2b34f179da,DOC014,document_mentions_species,Mallard,DOC014,DOC014-C0010,"Mallard, Hooded Merganser and Ruddy Duck.",0.98
REL-1f78132560060759ec0e,DOC014,document_mentions_species,Mallard,DOC014,DOC014-C0011,"Mallard, Ruddy Duck, Ring-necked Duck, Bufflehead, Common Goldeneye, American Wigeon, Canada Goose, Pied-billed Grebe and American Coot.",0.98
REL-2bc151ddb407ed9e7c18,DOC014,document_mentions_species,Mallard,DOC014,DOC014-C0013,"Mallard, Snow Goose, Ross’s Goose and Sandhill Crane.",0.98
REL-5a1928458b593a16b3fc,DOC014,document_mentions_species,Mallard,DOC014,DOC014-C0014,"Mallard, Northern Pintail and Blue-winged Tea l are the primary species benefiting from the secured habitat.",0.98
REL-b203c5f6536b7c0e7a8d,DOC014,document_mentions_species,Northern pintail,DOC014,DOC014-C0008,"Northern Pintail and American Wigeon, along with shorebirds and amphibians.",0.98
REL-59791baa9480a73c93c0,DOC014,document_mentions_species,Northern pintail,DOC014,DOC014-C0013,Northern Pintail breeding pairs in North America.,0.98
REL-cda7043f2167881d58ab,DOC014,document_mentions_species,Northern pintail,DOC014,DOC014-C0014,Northern Pintail and Blue-winged Tea l are the primary species benefiting from the secured habitat.,0.98
REL-dd8f28ce867185d6d1aa,DOC014,document_mentions_species,Wood duck,DOC014,DOC014-C0004,"Wood Duck, Common Goldeneye, Barrow’s Goldeneye and Common Eider (subspecies dresseri)—as well as 16 non-waterfowl priority bird species, including water birds, shorebirds and landbirds.",0.98
REL-43e22202501cbd9f3e27,DOC014,document_mentions_species,Wood duck,DOC014,DOC014-C0009,"Wood Duck, particularly in wooded wetlands; Harlequin Duck, in faster-moving waterways; and Bufflehead, in larger ponds along riparian areas.",0.98
REL-4577d2ea4854c0f90c5f,DOC015,document_mentions_species,Bighead carp,DOC015,DOC015-C0002,of silver and bighead carp in a 2-week effort to inform on commercial fishing potential for the tributary of the Missouri River.,0.98
REL-d879589088c597924c05,DOC015,document_mentions_species,Invasive carp,DOC015,DOC015-C0002,"Invasive Carp Technical Committee, Scenic Rivers Invasive Species Partnership, Missouri Invasive Plant Council, and Missouri Invasive Forest Pest Council.",0.98
REL-b4e66b4d4747b0ddf05c,DOC015,document_mentions_species,Mallard,DOC015,DOC015-C0003,mallards in closed season on the Missouri River in January of 2024.,0.98
REL-07d5f1cc1711342ca0d1,DOC015,document_mentions_species,Mallard,DOC015,DOC015-C0004,mallards in closed season on the Missouri River in January of 2024.,0.98
REL-b55506484bd60bc3389c,DOC016,document_mentions_species,Bighead carp,DOC016,DOC016-C0003,"Bighead Carp Angler: George Chance Date: March 19, 2024 Weight: 97 lbs.",0.98
REL-d1e9c25930709dd58b17,DOC016,document_mentions_species,Invasive carp,DOC016,DOC016-C0006,"invasive carp removal, and regulation changes related to invasive species.",0.98
REL-f8f2b1f417f306474535,DOC016,document_mentions_species,Invasive carp,DOC016,DOC016-C0007,"Invasive Carp Removal In September 2023, MDC, in conjunction with the U.S.",0.98
REL-bc0fcd57f938a88628f6,DOC016,document_mentions_species,Lake sturgeon,DOC016,DOC016-C0003,Lake Sturgeon •,0.98
REL-bde69b041a7fbcc53de8,DOC016,document_mentions_species,Lake sturgeon,DOC016,DOC016-C0011,lake sturgeon that are observed spawning along the Mississippi River.,0.98
REL-75dde1eb297c0e6a00db,DOC016,document_mentions_species,Silver carp,DOC016,DOC016-C0006,silver carp being removed from the lower Grand River with an estimated 27 percent decrease in overall silver carp densities.,0.98
REL-d8d925d6a310cc922d4c,DOC016,document_mentions_species,Silver carp,DOC016,DOC016-C0007,silver carp being removed from the lower Grand River with an estimated 27 percent decrease in overall silver carp densities.,0.98
REL-172b6c44a8b18e8a7a66,DOC020,document_mentions_species,Pallid sturgeon,DOC020,DOC020-C0011,"hellbenders, Topeka shiners, pallid sturgeon, and mussels).",0.98
REL-51c263d232f354f2a59a,DOC025,document_mentions_species,Canada goose,DOC025,DOC025-C0005,"Canada Goose Scientific Name Branta canadensis Description Canada geese are recognizable by their brownish bodies, black necks and heads, and a distinctive broad white patch that runs beneath their heads from ear to ear.",0.98
REL-4ef0809a2e3f60819e8e,DOC025,document_mentions_species,Wood duck,DOC025,DOC025-C0005,Wood Duck Scientific Name Aix sponsa Description The wood duck is one of the world's most beautiful waterfowl.,0.98
REL-25b20efa70fae7e81b24,American black duck,species_uses_habitat,Marsh,DOC014,DOC014-C0018,"The American Black Duck (Anas rubripes; hereafter black duck) can be found in saltwater marshes, brackish and freshwater impoundments, riverine and estuarine m arshes, swamps, shallow lakes and wetlands throughout the boreal landscape.",0.93
REL-8308b9157d2c05d0e91b,Mallard,species_uses_habitat,Wetland,DOC001,DOC001-C0063,"These improvements have resulted in wetland systems that provide habitat to species such as migrating soras, yellow rails, mallards, as well as digger crayfish and small-mouthed salamanders.",0.9
REL-50a6a9c97fb90236f49c,Mallard,species_uses_habitat,Wetland,DOC014,DOC014-C0009,"The wetlands will support species such as Mallard, Common Merganser and Barrow’s Goldeneye.",0.9
REL-f6d323c559e5473a74f2,Climate change,threat_affects_species,Invasive carp,DOC012,DOC012-C0007,"Climate change may affect where invasive carp can invade, and the carp invasion, by means of IPM to minimize adverse effects of invasive carp to ecosystems and ecosystem services Extirpate or reduce (control) populations Contain populations Prevent accidental and d",0.94
